"";"Идентификатор";"Комнатность";"Новостройка";"Метро.Район";"Время.до.метро";"Этаж";"Этажность";"Площадь.общая"
"1";24016418;1;"Нет";"Киевская";15;4;9;21
"2";23454997;1;"Нет";"Киевская";10;5;5;31
"3";23697825;1;"Нет";"Марксистская";10;5;5;32
"4";23712199;1;"Нет";"Марксистская";5;1;9;36
"5";23701679;2;"Нет";"Таганская";10;5;5;41
"6";23970021;3;"Нет";"Киевская";NA;4;9;53
"7";23720877;1;"Нет";"Таганская";15;4;5;32
"8";24042343;1;"Нет";"Павелецкая";10;8;9;32
"9";21047013;1;"Нет";"Таганская";10;3;5;36
"10";23923218;1;"Нет";"Киевская";26;2;9;33
"11";23652864;1;"Нет";"Таганская";10;4;9;32
"12";23720472;2;"Нет";"Комсомольская";20;9;12;42
"13";23787247;1;"Нет";"Киевская";15;1;17;38
"14";23960885;2;"Нет";"Таганская";15;5;9;38
"15";23905868;2;"Нет";"Марксистская";12;2;9;35
"16";23953154;1;"Нет";"Таганская";10;2;12;35
"17";24052400;1;"Нет";"Проспект Мира";10;5;5;35
"18";23963748;1;"Нет";"Павелецкая";15;1;14;35
"19";21481788;5;"Нет";"Парк культуры";3;2;6;139
"20";22897293;1;"Нет";"Таганская";10;8;17;35
"21";23721167;2;"Нет";"Павелецкая";10;9;9;37
"22";23864464;1;"Нет";"Проспект Мира";5;1;9;33
"23";23963904;1;"Нет";"Таганская";15;3;7;32
"24";24042641;1;"Нет";"Павелецкая";NA;NA;NA;NA
"25";24010479;1;"Нет";"Чеховская";10;4;4;19
"26";23144670;1;"Нет";"Киевская";10;9;9;32
"27";23712140;1;"Нет";"Таганская";15;3;9;33
"28";23686705;2;"Нет";"Киевская";14;2;9;38
"29";23866662;3;"Нет";"Таганская";15;3;14;56
"30";24043288;1;"Нет";"Сухаревская";3;1;5;29
"31";24037142;2;"Нет";"Киевская";10;9;10;41
"32";23571277;1;"Нет";"Проспект Мира";4;5;6;30
"33";23560312;1;"Нет";"Таганская";5;5;17;52
"34";24043598;2;"Нет";"Таганская";7;12;12;45
"35";23653093;2;"Нет";"Таганская";10;5;5;44
"36";23435426;1;"Нет";"Таганская";10;3;14;36
"37";24014642;1;"Нет";"Киевская";10;7;12;35
"38";23983043;2;"Нет";"Таганская";10;2;5;40
"39";23819031;2;"Нет";"Киевская";15;10;10;40
"40";23817937;2;"Нет";"Киевская";5;6;10;41
"41";20455322;2;"Нет";"Таганская";10;11;16;50
"42";23687272;2;"Нет";"Киевская";10;1;12;44
"43";23961050;1;"Нет";"Китай-город";10;2;5;29
"44";24037004;2;"Нет";"Киевская";10;6;14;38
"45";24036931;3;"Нет";"Павелецкая";25;9;16;70
"46";23694262;1;"Нет";"Таганская";10;3;12;39
"47";23961189;1;"Нет";"Таганская";10;2;5;29
"48";23749729;2;"Нет";"Киевская";10;3;5;43
"49";23963840;1;"Нет";"Цветной бульвар";10;2;4;18
"50";24042912;1;"Нет";"Менделеевская";7;8;14;32
"51";23963962;2;"Нет";"Новослободская";7;5;5;46
"52";23509043;1;"Нет";"Павелецкая";5;12;14;39
"53";23454918;1;"Нет";"Киевская";10;6;16;34
"54";23798982;2;"Нет";"Белорусская";5;1;4;43
"55";24009486;1;"Да";"Добрынинская";10;5;29;48
"56";24043129;1;"Нет";"Павелецкая";7;16;16;38
"57";24009487;1;"Да";"Добрынинская";10;11;29;49
"58";24037109;1;"Нет";"Белорусская";3;2;8;36
"59";24043742;2;"Нет";"Менделеевская";10;4;5;46
"60";24036918;2;"Нет";"Таганская";10;11;16;50
"61";23718650;2;"Нет";"Добрынинская";10;1;9;47
"62";23718651;2;"Нет";"Серпуховская";10;1;9;47
"63";24013888;2;"Нет";"Таганская";5;3;12;48
"64";23953192;1;"Нет";"Таганская";10;5;25;40
"65";23912981;1;"Нет";"Проспект Мира";1;1;9;41
"66";23652752;1;"Нет";"Белорусская";3;6;8;30
"67";23687237;3;"Нет";"Павелецкая";10;5;9;60
"68";20988562;1;"Нет";"Марксистская";10;11;18;39
"69";22764044;2;"Нет";"Курская";10;2;6;56
"70";23152678;3;"Нет";"Киевская";10;9;16;68
"71";24022840;1;"Нет";"Киевская";5;6;9;33
"72";23960833;1;"Нет";"Киевская";5;2;9;30
"73";23313719;1;"Нет";"Третьяковская";10;2;5;30
"74";23642984;1;"Нет";"Цветной бульвар";7;3;NA;33
"75";23734183;1;"Нет";"Сухаревская";7;4;4;44
"76";23994893;1;"Нет";"Проспект Мира";10;5;9;33
"77";24017155;2;"Нет";"Таганская";3;5;5;43
"78";23560175;2;"Нет";"Таганская";10;7;12;46
"79";24042535;2;"Нет";"Павелецкая";NA;3;9;40
"80";23977487;1;"Нет";"Красные Ворота";4;9;16;38
"81";23694628;1;"Нет";"Таганская";15;19;25;40
"82";23571585;2;"Нет";"Павелецкая";5;8;9;45
"83";24017211;2;"Нет";"Цветной бульвар";10;2;9;44
"84";23340537;2;"Нет";"Белорусская";10;4;7;48
"85";23859373;2;"Нет";"Таганская";10;6;9;39
"86";24031901;2;"Нет";"Таганская";4;8;8;39
"87";23652892;3;"Нет";"Таганская";10;5;5;68
"88";22862304;2;"Нет";"Таганская";5;6;9;40
"89";24043058;1;"Нет";"Цветной бульвар";NA;12;12;33
"90";21239965;1;"Нет";"Курская";7;1;5;39
"91";23793245;1;"Нет";"Октябрьская";5;7;12;31
"92";23784813;2;"Нет";"Таганская";10;2;12;51
"93";24042472;2;"Нет";"Белорусская";7;3;12;40
"94";23793042;2;"Нет";"Киевская";10;9;9;46
"95";23963973;1;"Нет";"Краснопресненская";10;2;9;32
"96";23988944;3;"Нет";"Новослободская";9;3;5;56
"97";23947095;1;"Нет";"Маяковская";5;8;9;35
"98";23947096;1;"Нет";"Полянка";1;3;16;40
"99";23671088;1;"Нет";"Белорусская";3;3;8;30
"100";23455340;2;"Нет";"Сухаревская";5;3;5;45
"101";24050088;2;"Нет";"Новокузнецкая";5;9;16;39
"102";23455339;2;"Нет";"Проспект Мира";5;3;5;45
"103";23805992;2;"Нет";"Серпуховская";5;2;6;52
"104";23963901;1;"Нет";"Новокузнецкая";NA;5;9;32
"105";23757381;1;"Нет";"Белорусская";8;1;12;44
"106";23988999;2;"Нет";"Менделеевская";5;10;12;44
"107";23861950;2;"Нет";"Новослободская";5;10;12;44
"108";22950996;1;"Нет";"Красные Ворота";10;5;6;40
"109";23805673;1;"Нет";"Цветной бульвар";7;3;10;36
"110";23805674;1;"Нет";"Сухаревская";5;3;10;36
"111";22988421;1;"Нет";"Проспект Мира";10;5;6;40
"112";23805672;1;"Нет";"Проспект Мира";7;3;NA;36
"113";23250697;1;"Нет";"Курская";5;1;12;39
"114";23855245;2;"Нет";"Белорусская";5;5;5;54
"115";23955343;2;"Нет";"Курская";5;3;3;63
"116";24050079;2;"Нет";"Проспект Мира";10;7;12;50
"117";23455459;2;"Нет";"Павелецкая";5;3;9;60
"118";22380444;2;"Нет";"Таганская";7;10;14;45
"119";24013901;3;"Нет";"Таганская";12;3;7;74
"120";23815720;2;"Нет";"Сухаревская";5;4;5;37
"121";23686792;2;"Нет";"Новослободская";5;2;5;43
"122";23709831;2;"Нет";"Киевская";NA;11;17;55
"123";23694488;1;"Нет";"Таганская";4;6;14;37
"124";23686692;2;"Нет";"Смоленская";3;5;7;73
"125";24052427;2;"Нет";"Таганская";10;13;17;47
"126";23614202;3;"Нет";"Таганская";7;3;5;76
"127";23961041;2;"Нет";"Добрынинская";10;3;9;49
"128";24017173;3;"Нет";"Добрынинская";10;3;9;49
"129";23960912;3;"Нет";"Павелецкая";20;5;7;71
"130";23756971;2;"Нет";"Менделеевская";10;16;17;54
"131";23746967;2;"Нет";"Проспект Мира";5;2;14;52
"132";23756968;2;"Нет";"Белорусская";10;16;17;54
"133";23756970;2;"Нет";"Новослободская";10;16;17;54
"134";23905835;2;"Нет";"Белорусская";7;4;12;40
"135";23961323;2;"Нет";"Белорусская";10;2;9;47
"136";23961316;2;"Нет";"Белорусская";10;2;9;47
"137";23963743;2;"Нет";"Добрынинская";10;14;14;54
"138";23455132;4;"Нет";"Павелецкая";5;4;4;57
"139";23864446;2;"Нет";"Серпуховская";5;2;8;53
"140";23374902;1;"Нет";"Полянка";5;6;14;39
"141";23817987;1;"Нет";"Китай-город";5;4;5;44
"142";24043704;1;"Нет";"Пушкинская";10;10;16;40
"143";24042708;1;"Нет";"Таганская";10;NA;NA;37
"144";23426412;2;"Нет";"Комсомольская";1;6;8;55
"145";23787220;2;"Нет";"Курская";5;5;9;44
"146";23454971;2;"Нет";"Добрынинская";5;12;14;54
"147";23983133;4;"Нет";"Серпуховская";5;1;5;70
"148";22663939;1;"Нет";"Краснопресненская";6;5;15;38
"149";24008168;2;"Нет";"Комсомольская";10;6;9;54
"150";24037143;2;"Нет";"Комсомольская";3;6;8;55
"151";23787181;3;"Нет";"Серпуховская";1;2;3;71
"152";21953207;2;"Нет";"Сухаревская";5;3;12;39
"153";24043229;1;"Нет";"Марксистская";1;9;17;34
"154";24008015;1;"Нет";"Октябрьская";10;7;17;50
"155";23455161;2;"Нет";"Смоленская";10;5;5;43
"156";24036730;2;"Нет";"Серпуховская";10;6;6;60
"157";24036992;2;"Нет";"Парк культуры";7;10;17;45
"158";23866848;2;"Нет";"Киевская";5;3;8;56
"159";24050060;3;"Нет";"Красные Ворота";7;1;9;67
"160";21526488;3;"Нет";"Киевская";5;9;10;54
"161";23805926;3;"Нет";"Красные Ворота";5;4;8;65
"162";23805927;3;"Нет";"Комсомольская";5;4;8;65
"163";23960983;1;"Нет";"Смоленская";1;4;9;36
"164";23796186;1;"Нет";"Цветной бульвар";10;11;16;36
"165";23686667;2;"Нет";"Белорусская";10;4;8;60
"166";22380441;1;"Нет";"Смоленская";7;1;6;38
"167";21774603;1;"Нет";"Баррикадная";7;1;6;38
"168";23994501;2;"Нет";"Баррикадная";10;1;5;46
"169";24036921;2;"Нет";"Таганская";5;8;17;53
"170";22988898;2;"Нет";"Таганская";3;1;9;53
"171";23806032;2;"Нет";"Серпуховская";5;5;5;62
"172";24043634;2;"Нет";"Киевская";7;3;8;56
"173";23818043;3;"Нет";"Павелецкая";10;7;9;80
"174";23657058;2;"Нет";"Сухаревская";7;3;16;53
"175";23718575;2;"Нет";"Новослободская";10;8;12;47
"176";23805534;2;"Нет";"Киевская";5;8;8;47
"177";24052499;3;"Нет";"Белорусская";7;6;9;54
"178";23953259;2;"Нет";"Маяковская";7;4;4;60
"179";24036908;2;"Нет";"Киевская";12;3;9;40
"180";24035124;2;"Нет";"Парк культуры";8;1;4;63
"181";23796347;2;"Нет";"Таганская";7;5;14;54
"182";23684378;1;"Нет";"Смоленская";7;1;14;35
"183";23684406;1;"Нет";"Кропоткинская";7;1;14;35
"184";23905852;2;"Нет";"Новослободская";10;4;5;60
"185";24042938;2;"Нет";"Таганская";10;2;16;40
"186";23210403;2;"Нет";"Таганская";3;2;9;53
"187";23927673;3;"Нет";"Белорусская";7;1;10;62
"188";23636940;3;"Нет";"Павелецкая";10;5;5;78
"189";24049254;3;"Нет";"Новослободская";15;3;5;74
"190";22842085;3;"Нет";"Октябрьская";7;2;6;64
"191";23699236;2;"Нет";"Таганская";5;8;9;50
"192";23250510;2;"Нет";"Смоленская";7;4;6;55
"193";23977435;2;"Нет";"Таганская";12;17;18;62
"194";23652876;3;"Нет";"Таганская";5;4;9;60
"195";24042573;1;"Нет";"Киевская";5;9;12;52
"196";23949654;2;"Нет";"Красные Ворота";7;2;7;69
"197";24039867;2;"Нет";"Трубная";2;8;9;46
"198";24043467;2;"Нет";"Смоленская";NA;1;8;50
"199";23871867;2;"Нет";"Новослободская";5;1;9;50
"200";23949664;2;"Нет";"Курская";7;2;7;69
"201";24031875;2;"Нет";"Павелецкая";2;2;14;53
"202";23614323;2;"Нет";"Павелецкая";5;6;9;75
"203";23861938;2;"Нет";"Киевская";7;18;25;93
"204";22195144;3;"Нет";"Баррикадная";7;1;7;66
"205";23534534;3;"Нет";"Белорусская";10;7;8;62
"206";21126211;3;"Нет";"Таганская";7;7;14;65
"207";23988889;2;"Нет";"Смоленская";10;5;6;52
"208";23977425;2;"Нет";"Парк культуры";5;3;5;64
"209";24043723;2;"Нет";"Таганская";NA;4;12;54
"210";23581805;3;"Нет";"Краснопресненская";3;9;9;55
"211";23657063;3;"Нет";"Павелецкая";5;10;16;64
"212";23793139;1;"Нет";"Киевская";10;10;14;49
"213";23454942;2;"Нет";"Марксистская";5;11;17;84
"214";23606153;1;"Нет";"смоленская - синяя";5;2;9;40
"215";23855174;2;"Нет";"Баррикадная";NA;8;12;65
"216";23855175;3;"Нет";"Краснопресненская";NA;8;12;65
"217";24039895;1;"Нет";"Маяковская";10;11;17;40
"218";22746189;1;"Да";"Новослободская";3;9;14;42
"219";23455512;2;"Нет";"Сухаревская";5;3;7;45
"220";23949640;3;"Нет";"Белорусская";5;11;11;65
"221";24013976;3;"Нет";"Краснопресненская";3;5;6;78
"222";23731711;3;"Нет";"Краснопресненская";5;5;5;77
"223";24031781;3;"Нет";"Баррикадная";5;3;5;70
"224";23455024;3;"Нет";"Таганская";5;3;3;57
"225";24043419;4;"Нет";"Белорусская";10;5;5;84
"226";24014003;2;"Нет";"Таганская";10;5;7;60
"227";24050034;3;"Нет";"Новокузнецкая";5;6;9;57
"228";24050033;3;"Нет";"Павелецкая";5;6;9;57
"229";24043434;1;"Нет";"Кропоткинская";5;2;12;35
"230";21741529;2;"Нет";"Чистые пруды";3;2;4;46
"231";23747065;2;"Нет";"Красные Ворота";2;3;5;53
"232";24017285;2;"Нет";"Курская";5;1;4;82
"233";24013783;2;"Нет";"Проспект Мира";10;4;12;51
"234";23950224;2;"Нет";"Менделеевская";5;4;5;63
"235";24052535;2;"Нет";"Таганская";2;6;17;55
"236";23340612;2;"Нет";"Парк культуры";5;1;4;54
"237";21741530;3;"Нет";"Чистые пруды";3;2;4;46
"238";23534629;3;"Нет";"Цветной бульвар";5;2;3;54
"239";23818105;3;"Нет";"Белорусская";NA;9;14;70
"240";23960930;2;"Нет";"Таганская";10;3;14;57
"241";24042602;2;"Нет";"Киевская";NA;3;9;60
"242";23191525;2;"Нет";"Белорусская";10;3;8;58
"243";23455466;2;"Нет";"Киевская";5;2;9;50
"244";23960976;3;"Нет";"Новокузнецкая";12;1;10;80
"245";24043103;3;"Нет";"Проспект Мира";10;3;9;60
"246";23714268;3;"Нет";"Октябрьская";2;6;10;59
"247";23960977;3;"Нет";"Марксистская";12;1;10;80
"248";23871839;2;"Нет";"Киевская";8;7;14;60
"249";24011260;3;"Нет";"Маяковская";10;5;5;68
"250";23686640;3;"Нет";"Таганская";15;1;8;80
"251";23864445;2;"Нет";"Смоленская";5;3;6;42
"252";24032056;2;"Нет";"Новокузнецкая";5;4;5;56
"253";22808173;2;"Нет";"Белорусская";NA;6;8;60
"254";23455140;2;"Нет";"Краснопресненская";3;7;14;50
"255";24042599;2;"Нет";"Киевская";5;8;9;56
"256";22600341;2;"Нет";"Киевская";10;8;8;58
"257";20988663;3;"Нет";"Маяковская";7;4;6;62
"258";23869596;3;"Нет";"Павелецкая";5;2;5;68
"259";24037179;4;"Нет";"Марксистская";15;5;8;103
"260";23455144;3;"Нет";"Новокузнецкая";5;2;5;73
"261";24043336;3;"Нет";"Краснопресненская";NA;3;6;65
"262";24043490;3;"Нет";"Краснопресненская";NA;3;6;65
"263";23970020;3;"Нет";"Павелецкая";10;7;14;70
"264";23969942;3;"Нет";"Сухаревская";10;9;16;78
"265";22217139;2;"Нет";"Красные Ворота";5;4;8;67
"266";23963834;2;"Нет";"Красные Ворота";5;3;8;57
"267";23075975;2;"Нет";"Курская";5;4;8;67
"268";21459464;2;"Нет";"Новослободская";10;1;5;63
"269";23963833;2;"Нет";"Курская";5;3;8;57
"270";23356197;4;"Нет";"Белорусская";10;12;12;62
"271";23427238;4;"Нет";"Краснопресненская";10;12;12;62
"272";23977369;2;"Нет";"Маяковская";3;2;7;44
"273";23977370;2;"Нет";"Маяковская";3;2;7;44
"274";23652954;2;"Нет";"Курская";NA;5;7;63
"275";23993665;2;"Нет";"Парк культуры";10;1;9;75
"276";23313593;2;"Нет";"Киевская";10;5;6;56
"277";23787199;3;"Нет";"Курская";5;5;7;63
"278";23988880;4;"Нет";"Новослободская";6;3;5;75
"279";23949790;1;"Нет";"Цветной бульвар";2;1;3;42
"280";23949789;2;"Нет";"Цветной бульвар";2;1;3;42
"281";23455180;2;"Нет";"Белорусская";10;6;16;60
"282";24042828;2;"Нет";"Парк культуры";NA;4;9;55
"283";23694242;3;"Нет";"Белорусская";20;4;6;69
"284";23806145;3;"Нет";"Таганская";5;4;6;66
"285";24047427;4;"Нет";"Белорусская";NA;1;8;71
"286";24008386;5;"Нет";"Киевская";10;8;20;150
"287";24008203;2;"Нет";"Таганская";10;7;18;79
"288";21582876;3;"Нет";"Павелецкая";5;3;5;67
"289";23126851;2;"Нет";"Кропоткинская";5;7;16;52
"290";23970073;2;"Нет";"Арбатская";10;8;16;52
"291";23126850;3;"Нет";"Кропоткинская";5;7;16;52
"292";23970041;3;"Нет";"Арбатская";10;7;16;52
"293";21774645;3;"Нет";"Новослободская";6;5;7;65
"294";24042889;2;"Нет";"Марксистская";7;3;17;64
"295";23657003;2;"Нет";"Смоленская";5;22;24;51
"296";23657014;2;"Нет";"Павелецкая";7;9;9;65
"297";23947100;2;"Нет";"Добрынинская";6;6;8;53
"298";23878267;3;"Нет";"Полянка";5;2;9;65
"299";23878288;3;"Нет";"Октябрьская";5;2;9;65
"300";20516878;1;"Нет";"Парк культуры";NA;4;6;36
"301";23712138;3;"Нет";"Чистые пруды";5;2;5;64
"302";23963896;2;"Нет";"Смоленская";5;2;5;51
"303";23723743;3;"Нет";"Проспект Мира";5;6;6;65
"304";23920946;3;"Нет";"Таганская";5;4;5;82
"305";24007204;1;"Да";"Октябрьская";10;4;14;46
"306";24007202;1;"Да";"Октябрьская";10;4;14;46
"307";24007203;1;"Да";"Октябрьская";10;4;14;46
"308";24002152;1;"Да";"Октябрьская";10;4;14;46
"309";24001700;1;"Да";"Октябрьская";10;4;13;47
"310";24001930;1;"Да";"Октябрьская";10;4;13;46
"311";23744801;2;"Нет";"Арбатская";5;4;4;50
"312";23687290;2;"Нет";"Белорусская";10;5;5;61
"313";23656940;3;"Нет";"Добрынинская";1;2;14;70
"314";23744608;1;"Нет";"Пушкинская";5;3;10;43
"315";23693213;3;"Нет";"Курская";0;8;9;71
"316";24037003;3;"Нет";"Добрынинская";3;1;7;62
"317";23977353;3;"Нет";"Киевская";7;6;12;73
"318";22150030;2;"Нет";"Пушкинская";7;1;7;52
"319";23314243;2;"Нет";"Чеховская";10;2;3;48
"320";24042415;2;"Нет";"Арбатская";7;24;24;55
"321";24043383;2;"Нет";"Проспект Мира";7;3;9;45
"322";24043278;2;"Нет";"Проспект Мира";10;8;8;75
"323";23862034;2;"Нет";"Киевская";5;5;8;52
"324";23686648;2;"Нет";"Киевская";5;3;11;54
"325";23799086;3;"Нет";"Цветной бульвар";5;5;6;80
"326";24014072;3;"Нет";"Чистые пруды";5;5;5;72
"327";24039999;3;"Нет";"Красные Ворота";5;4;8;75
"328";23871844;3;"Нет";"Комсомольская";3;7;8;70
"329";23983064;3;"Нет";"Новослободская";2;4;5;82
"330";23983051;4;"Нет";"Новослободская";2;4;5;82
"331";24043549;1;"Нет";"Чистые пруды";NA;2;5;50
"332";24042904;3;"Нет";"Красные Ворота";NA;4;7;78
"333";23119218;3;"Нет";"Таганская";10;6;18;82
"334";23988988;1;"Нет";"Кропоткинская";10;3;7;44
"335";24014004;1;"Нет";"Третьяковская";5;3;7;44
"336";24014006;1;"Нет";"Полянка";5;3;7;44
"337";23656896;2;"Нет";"Маяковская";2;2;7;53
"338";23988986;2;"Нет";"Полянка";5;3;7;44
"339";23988987;2;"Нет";"Кропоткинская";10;3;7;44
"340";23988989;2;"Нет";"Третьяковская";5;3;7;44
"341";23995267;2;"Нет";"Смоленская";10;8;24;55
"342";23995583;2;"Нет";"Арбатская";10;8;24;55
"343";24050022;2;"Нет";"Киевская";10;4;5;47
"344";22150062;3;"Нет";"Пушкинская";10;1;7;52
"345";23044935;3;"Нет";"Пушкинская";5;2;6;51
"346";23815334;3;"Нет";"Маяковская";5;5;5;73
"347";23960924;3;"Нет";"Смоленская";5;22;24;53
"348";23992545;3;"Нет";"Красные Ворота";10;2;8;85
"349";23961112;3;"Нет";"Проспект Мира";12;7;16;75
"350";23709803;3;"Нет";"Таганская";10;11;12;69
"351";23968893;3;"Нет";"Павелецкая";5;3;8;76
"352";23300451;4;"Нет";"Павелецкая";5;7;9;71
"353";23204276;3;"Нет";"Белорусская";10;2;7;80
"354";23684735;3;"Нет";"Серпуховская";NA;4;6;91
"355";24028547;1;"Нет";"Кропоткинская";7;5;10;36
"356";24043216;2;"Нет";"Смоленская";NA;1;5;70
"357";24001594;1;"Да";"Октябрьская";10;3;13;56
"358";24001880;1;"Да";"Октябрьская";10;3;14;56
"359";24002045;1;"Да";"Октябрьская";10;3;14;56
"360";24001702;1;"Да";"Октябрьская";10;6;14;56
"361";24002153;1;"Да";"Октябрьская";10;3;14;56
"362";24002046;1;"Да";"Октябрьская";10;3;14;56
"363";24043388;1;"Нет";"Маяковская";NA;2;9;59
"364";23852558;2;"Нет";"Маяковская";2;2;9;54
"365";23204363;3;"Нет";"Курская";1;4;8;83
"366";23852618;4;"Нет";"Красные Ворота";10;1;6;93
"367";23699244;4;"Нет";"Серпуховская";5;4;6;91
"368";24001596;1;"Да";"Октябрьская";10;6;13;54
"369";23427243;2;"Нет";"Цветной бульвар";5;6;7;50
"370";24042750;2;"Нет";"Маяковская";NA;5;8;52
"371";22929014;2;"Нет";"Новослободская";5;4;14;57
"372";24014050;2;"Нет";"Новослободская";2;6;7;55
"373";24043697;2;"Нет";"Парк культуры";NA;1;6;65
"374";23970063;3;"Нет";"Белорусская";5;3;10;64
"375";24043676;3;"Нет";"Парк культуры";7;2;6;62
"376";23799013;3;"Нет";"Павелецкая";10;9;9;75
"377";23571297;3;"Нет";"Таганская";10;9;9;75
"378";23686672;4;"Нет";"Белорусская";13;1;5;111
"379";23737754;3;"Нет";"Краснопресненская";3;8;9;69
"380";23983034;3;"Нет";"Таганская";10;4;9;78
"381";23961105;2;"Нет";"Арбатская";5;2;8;56
"382";23806281;3;"Нет";"Белорусская";10;2;6;80
"383";20516876;1;"Нет";"Парк культуры";NA;4;6;36
"384";23757393;1;"Нет";"Пушкинская";5;3;4;38
"385";24006690;1;"Нет";"Серпуховская";10;8;14;44
"386";24006689;1;"Нет";"Серпуховская";10;8;14;44
"387";24006683;1;"Нет";"Октябрьская";10;8;14;44
"388";24006685;1;"Нет";"Октябрьская";10;8;14;44
"389";24006684;1;"Нет";"Октябрьская";10;8;14;44
"390";24006688;1;"Нет";"Серпуховская";10;8;14;44
"391";24006687;1;"Нет";"Серпуховская";10;8;14;44
"392";24005109;1;"Да";"Октябрьская";10;8;14;44
"393";24009940;1;"Да";"Добрынинская";10;8;14;4
"394";24008648;1;"Да";"Добрынинская";10;8;12;44
"395";24006433;1;"Нет";"Серпуховская";10;8;12;45
"396";24013254;1;"Да";"Октябрьская";10;8;17;45
"397";24013255;1;"Да";"Октябрьская";10;8;17;45
"398";24006681;1;"Нет";"Октябрьская";10;8;14;44
"399";24006682;1;"Нет";"Октябрьская";10;8;14;44
"400";24006691;1;"Нет";"Серпуховская";10;8;14;44
"401";24006604;1;"Да";"Добрынинская";10;8;14;44
"402";23970056;3;"Нет";"Смоленская";5;3;3;68
"403";22425356;3;"Нет";"Новослободская";5;3;10;90
"404";24042774;3;"Нет";"Парк культуры";NA;5;5;73
"405";24013444;45;"Нет";"Октябрьская";10;8;12;1
"406";23653060;2;"Нет";"Цветной бульвар";NA;3;6;70
"407";24043318;3;"Нет";"Новокузнецкая";7;8;8;54
"408";23819039;3;"Нет";"Киевская";NA;4;8;80
"409";24042924;1;"Нет";"Октябрьская";NA;8;17;60
"410";21021007;3;"Нет";"Таганская";5;2;17;75
"411";23187521;3;"Нет";"Смоленская";4;1;5;70
"412";22919124;4;"Нет";"Киевская";10;1;6;86
"413";23859280;1;"Нет";"Кропоткинская";NA;8;16;34
"414";23729417;2;"Нет";"Маяковская";3;4;7;47
"415";24042694;2;"Нет";"Парк культуры";NA;3;5;57
"416";23963770;3;"Нет";"Новокузнецкая";5;5;5;98
"417";24043173;3;"Нет";"Цветной бульвар";NA;4;17;74
"418";23614296;3;"Нет";"Краснопресненская";4;5;6;83
"419";24039767;4;"Нет";"Баррикадная";10;1;12;74
"420";24039777;4;"Нет";"Белорусская";10;1;12;74
"421";24001782;1;"Да";"Серпуховская";10;10;17;52
"422";23994824;1;"Да";"Октябрьская";10;10;11;52
"423";24001881;1;"Да";"Октябрьская";10;10;14;52
"424";24002154;1;"Да";"Октябрьская";10;10;14;52
"425";24001703;1;"Да";"Октябрьская";10;10;11;53
"426";24013257;1;"Да";"Добрынинская";10;6;17;52
"427";24013256;1;"Да";"Добрынинская";10;6;17;52
"428";23614177;2;"Нет";"Маяковская";5;6;17;61
"429";23694030;2;"Нет";"Проспект Мира";5;1;9;57
"430";23927731;3;"Нет";"Добрынинская";NA;5;7;87
"431";23861960;4;"Нет";"Третьяковская";5;3;5;105
"432";23869605;4;"Нет";"Третьяковская";5;3;5;105
"433";24042349;4;"Нет";"Чистые пруды";7;2;4;121
"434";24013445;54;"Нет";"Октябрьская";10;6;12;1
"435";24007458;1;"Нет";"Чеховская";10;6;12;48
"436";24007462;1;"Нет";"Чеховская";10;6;12;48
"437";24007481;1;"Нет";"Чеховская";10;6;12;48
"438";24006694;1;"Да";"Октябрьская";10;6;14;48
"439";24006434;1;"Нет";"Серпуховская";10;6;12;48
"440";24008649;1;"Да";"Добрынинская";10;6;12;49
"441";24006693;1;"Да";"Октябрьская";10;6;14;48
"442";24006686;1;"Да";"Октябрьская";10;6;14;48
"443";24006692;1;"Да";"Октябрьская";10;6;14;48
"444";24006607;1;"Да";"Добрынинская";10;6;14;48
"445";23233930;3;"Нет";"Таганская";5;5;7;76
"446";22194651;3;"Нет";"Киевская";5;3;6;86
"447";24008650;1;"Да";"Добрынинская";10;11;12;53
"448";24013259;1;"Да";"Серпуховская";10;11;17;53
"449";24006435;1;"Нет";"Серпуховская";10;11;12;53
"450";24013258;1;"Да";"Серпуховская";10;11;17;53
"451";24002155;1;"Да";"Октябрьская";10;11;14;53
"452";24001704;1;"Да";"Октябрьская";10;11;11;53
"453";24001705;1;"Да";"Октябрьская";10;11;11;53
"454";24001808;1;"Да";"Серпуховская";10;11;17;53
"455";24001882;1;"Да";"Октябрьская";10;11;14;53
"456";24007206;1;"Да";"Октябрьская";10;11;14;53
"457";24002170;1;"Нет";"Серпуховская";10;11;14;53
"458";24002173;1;"Нет";"Серпуховская";10;11;14;53
"459";24002171;1;"Нет";"Серпуховская";10;11;14;53
"460";24002172;1;"Нет";"Серпуховская";10;11;14;53
"461";24042695;2;"Нет";"Тверская";NA;1;6;62
"462";24043390;2;"Нет";"Пушкинская";7;5;6;60
"463";22929078;3;"Нет";"Арбатская";NA;1;6;70
"464";23991843;3;"Нет";"Сухаревская";10;7;7;76
"465";24047412;3;"Нет";"Новокузнецкая";5;5;5;73
"466";24017049;3;"Нет";"Белорусская";10;2;6;81
"467";24042609;3;"Нет";"Краснопресненская";5;2;7;81
"468";23817884;3;"Нет";"Добрынинская";NA;3;7;93
"469";23953169;3;"Нет";"Таганская";5;3;4;89
"470";23796413;2;"Нет";"Арбатская";5;3;5;66
"471";23796414;2;"Нет";"Смоленская";5;3;5;66
"472";23119171;2;"Нет";"Киевская";10;8;8;50
"473";24013260;1;"Да";"Октябрьская";10;7;17;53
"474";21774648;2;"Нет";"Маяковская";10;4;9;58
"475";24042838;2;"Нет";"Пушкинская";NA;3;11;62
"476";23796472;2;"Нет";"Таганская";5;11;14;54
"477";23988873;3;"Нет";"Смоленская";7;1;5;80
"478";24042471;3;"Нет";"Маяковская";10;6;6;78
"479";24050002;3;"Нет";"Маяковская";10;5;6;80
"480";23721186;3;"Нет";"Проспект Мира";10;6;14;73
"481";24037175;4;"Нет";"Белорусская";10;7;7;103
"482";23697960;4;"Нет";"Проспект Мира";2;4;9;132
"483";23455530;1;"Нет";"Парк культуры";2;4;8;55
"484";23923171;2;"Нет";"Парк культуры";2;4;7;55
"485";23455529;2;"Нет";"Парк культуры";2;4;8;55
"486";22939041;3;"Нет";"Октябрьская";5;4;14;80
"487";23960996;1;"Нет";"Смоленская";10;2;5;50
"488";23866831;2;"Нет";"Таганская";10;6;9;68
"489";23686647;3;"Нет";"Смоленская";7;4;5;74
"490";23927678;2;"Нет";"Арбатская";10;10;24;53
"491";23986844;2;"Нет";"Красные Ворота";4;8;12;86
"492";23687163;3;"Нет";"Библиотека им. Ленина";15;1;10;75
"493";23694001;3;"Нет";"Полянка";15;1;10;75
"494";24042862;3;"Нет";"Чистые пруды";NA;2;7;76
"495";23313727;3;"Нет";"Киевская";10;2;23;90
"496";20459292;4;"Нет";"Маяковская";5;3;5;91
"497";24043568;3;"Нет";"Октябрьская";7;5;6;75
"498";24042908;1;"Нет";"Курская";10;3;10;62
"499";23966422;1;"Да";"Курская";NA;2;9;62
"500";24008651;1;"Да";"Добрынинская";10;5;12;59
"501";24043351;1;"Нет";"Октябрьская";10;5;12;57
"502";24001706;1;"Да";"Октябрьская";10;10;14;53
"503";24002158;1;"Да";"Добрынинская";10;10;14;53
"504";24001885;1;"Да";"Добрынинская";10;10;14;53
"505";24013261;1;"Да";"Добрынинская";10;10;17;53
"506";24006566;1;"Да";"Октябрьская";10;10;13;53
"507";24002181;1;"Нет";"Октябрьская";10;10;14;53
"508";24002180;1;"Нет";"Октябрьская";10;10;14;53
"509";24002179;1;"Нет";"Октябрьская";10;10;14;53
"510";24002176;1;"Нет";"Серпуховская";10;10;14;53
"511";24002177;1;"Нет";"Серпуховская";10;10;14;53
"512";24002178;1;"Нет";"Октябрьская";10;10;14;53
"513";24002175;1;"Нет";"Серпуховская";10;10;14;53
"514";24002174;1;"Нет";"Серпуховская";10;10;14;53
"515";23059557;2;"Нет";"Смоленская";5;4;12;50
"516";23694064;2;"Нет";"Кропоткинская";7;3;5;54
"517";23044914;2;"Нет";"Таганская";5;2;9;64
"518";22930468;3;"Нет";"Цветной бульвар";5;4;4;86
"519";24042536;1;"Нет";"Новослободская";2;3;13;54
"520";23698060;2;"Нет";"Охотный Ряд";5;5;5;68
"521";24042623;2;"Нет";"Арбатская";12;4;6;59
"522";24043098;2;"Нет";"Чистые пруды";15;2;5;58
"523";24042707;3;"Нет";"Белорусская";NA;4;6;78
"524";23970023;3;"Нет";"Парк культуры";5;3;5;73
"525";23581807;4;"Нет";"Маяковская";5;3;5;86
"526";24037078;4;"Нет";"Белорусская";3;7;8;110
"527";24028580;4;"Нет";"Киевская";5;8;8;73
"528";24013922;5;"Нет";"Комсомольская";5;2;8;104
"529";24001883;1;"Да";"Добрынинская";10;5;14;58
"530";24001884;1;"Да";"Добрынинская";10;5;14;58
"531";24002157;1;"Да";"Добрынинская";10;5;14;58
"532";24002156;1;"Да";"Добрынинская";10;5;14;58
"533";24010766;1;"Да";"Добрынинская";10;5;14;58
"534";24001708;1;"Да";"Октябрьская";10;5;14;59
"535";24010763;1;"Да";"Добрынинская";10;5;14;58
"536";24010764;1;"Да";"Добрынинская";10;5;14;58
"537";24001707;1;"Да";"Октябрьская";10;5;14;59
"538";24010765;1;"Да";"Добрынинская";10;5;14;58
"539";24007248;1;"Да";"Добрынинская";10;5;14;58
"540";24007247;1;"Да";"Добрынинская";10;5;14;58
"541";24010749;1;"Да";"Добрынинская";10;5;14;58
"542";24007249;1;"Да";"Добрынинская";10;5;14;58
"543";24007246;1;"Да";"Добрынинская";10;5;14;58
"544";24010750;1;"Да";"Добрынинская";10;5;14;58
"545";24010751;1;"Да";"Добрынинская";10;5;14;58
"546";24010752;1;"Да";"Добрынинская";10;5;14;58
"547";21418753;3;"Нет";"Новокузнецкая";15;3;8;82
"548";24043037;2;"Нет";"Новокузнецкая";10;9;9;58
"549";24013262;1;"Да";"Серпуховская";10;5;17;59
"550";24007207;1;"Да";"Добрынинская";10;3;14;68
"551";24002159;1;"Да";"Добрынинская";10;3;14;68
"552";24001709;1;"Да";"Октябрьская";10;3;14;68
"553";24001886;1;"Да";"Добрынинская";10;3;14;68
"554";24002047;1;"Да";"Октябрьская";10;3;14;68
"555";23950070;2;"Нет";"Пушкинская";5;5;6;51
"556";24028738;3;"Нет";"Павелецкая";5;5;8;75
"557";24043497;2;"Нет";"Пушкинская";NA;2;8;50
"558";23313689;2;"Нет";"Киевская";5;7;9;87
"559";24042820;3;"Нет";"Боровицкая";10;1;10;75
"560";22501750;3;"Нет";"Киевская";10;5;6;77
"561";24042799;3;"Нет";"Курская";NA;NA;NA;102
"562";23790654;3;"Нет";"Киевская";5;11;14;83
"563";24001888;1;"Да";"Добрынинская";10;5;14;63
"564";24002161;1;"Да";"Добрынинская";10;5;14;63
"565";24007244;1;"Да";"Добрынинская";10;5;14;63
"566";24001711;1;"Да";"Октябрьская";10;5;11;64
"567";24010769;1;"Да";"Добрынинская";10;5;14;63
"568";24010755;1;"Да";"Добрынинская";10;5;14;63
"569";24010753;1;"Да";"Добрынинская";10;5;14;63
"570";24010767;1;"Да";"Добрынинская";10;5;14;63
"571";24007245;1;"Да";"Добрынинская";10;5;14;63
"572";24043177;2;"Нет";"Белорусская";10;12;14;80
"573";23975049;3;"Нет";"Таганская";5;13;14;75
"574";21427298;2;"Нет";"Смоленская";5;1;10;78
"575";24008086;1;"Да";"Таганская";10;2;5;47
"576";24036919;2;"Нет";"Красные Ворота";5;2;6;84
"577";24039656;2;"Нет";"Таганская";10;6;9;67
"578";24052533;3;"Нет";"Новослободская";NA;2;5;82
"579";24042985;3;"Нет";"Таганская";NA;2;13;96
"580";23340754;3;"Нет";"Добрынинская";5;4;7;103
"581";24043728;3;"Нет";"Маяковская";NA;3;8;68
"582";24043134;1;"Нет";"Арбатская";NA;2;6;42
"583";23966419;1;"Да";"Курская";NA;3;9;67
"584";24002160;1;"Да";"Добрынинская";10;5;14;64
"585";24007250;1;"Да";"Добрынинская";10;5;14;64
"586";24001887;1;"Да";"Добрынинская";10;5;14;64
"587";24007251;1;"Да";"Добрынинская";10;5;14;64
"588";24010762;1;"Да";"Добрынинская";10;5;14;64
"589";24010748;1;"Да";"Добрынинская";10;5;14;64
"590";24010761;1;"Да";"Добрынинская";10;5;14;64
"591";24001712;1;"Да";"Октябрьская";10;5;12;65
"592";24010747;1;"Да";"Добрынинская";10;5;14;64
"593";23966417;1;"Да";"Курская";NA;2;9;67
"594";23864459;2;"Нет";"Пушкинская";5;3;8;58
"595";23571306;2;"Нет";"Серпуховская";7;13;21;78
"596";22842042;3;"Нет";"смоленская - синяя";5;2;7;68
"597";23861902;3;"Нет";"Баррикадная";5;5;6;61
"598";23646907;3;"Нет";"Проспект Мира";10;2;NA;90
"599";23076031;3;"Нет";"Добрынинская";8;9;17;75
"600";22985515;3;"Нет";"Киевская";7;13;16;82
"601";23871281;3;"Нет";"Киевская";7;13;16;82
"602";23644339;4;"Нет";"Краснопресненская";7;1;NA;95
"603";23960952;6;"Нет";"Цветной бульвар";7;2;5;103
"604";24008087;1;"Да";"Таганская";10;1;4;49
"605";23949610;4;"Нет";"Менделеевская";10;4;6;80
"606";23652644;1;"Нет";"Серпуховская";10;11;20;58
"607";23966416;1;"Да";"Курская";NA;2;9;69
"608";24043075;2;"Нет";"Курская";10;4;10;69
"609";23805694;3;"Нет";"Охотный Ряд";10;5;NA;71
"610";23805695;3;"Нет";"Третьяковская";7;5;5;71
"611";24042621;4;"Нет";"Красные Ворота";2;2;8;107
"612";23793137;2;"Нет";"Чистые пруды";5;1;9;63
"613";20623105;3;"Нет";"Новокузнецкая";1;2;3;65
"614";22988914;3;"Нет";"Смоленская";1;6;8;70
"615";23455358;3;"Нет";"Новокузнецкая";5;5;8;72
"616";23799116;3;"Нет";"Чистые пруды";7;4;5;74
"617";24043535;3;"Нет";"Арбатская";NA;NA;NA;72
"618";23966978;1;"Да";"Курская";NA;2;9;70
"619";20623132;4;"Нет";"Менделеевская";3;5;6;104
"620";23852915;1;"Да";"Курская";10;6;9;73
"621";23806054;2;"Нет";"Киевская";10;7;12;65
"622";23913092;3;"Нет";"Парк культуры";15;5;5;80
"623";24013264;2;"Да";"Добрынинская";10;6;17;71
"624";24031996;2;"Нет";"Киевская";10;3;7;65
"625";21809816;3;"Нет";"Таганская";10;5;12;90
"626";24043436;3;"Нет";"Киевская";7;8;9;73
"627";23966415;1;"Да";"Курская";NA;2;9;71
"628";24042815;2;"Нет";"Киевская";NA;11;12;83
"629";23967916;3;"Нет";"Проспект Мира";2;8;8;88
"630";21107771;3;"Нет";"Киевская";5;4;8;80
"631";23694329;2;"Нет";"Новокузнецкая";7;5;14;80
"632";23737757;2;"Нет";"Пушкинская";NA;8;8;58
"633";24043046;2;"Нет";"Маяковская";NA;3;7;60
"634";23815524;5;"Нет";"Смоленская";2;2;5;92
"635";24008652;1;"Да";"Добрынинская";10;6;12;68
"636";24043180;2;"Нет";"Октябрьская";10;4;12;75
"637";24014081;2;"Нет";"Смоленская";10;2;9;59
"638";23486038;2;"Нет";"Курская";5;1;6;101
"639";24043546;2;"Нет";"Курская";7;4;6;70
"640";23652851;2;"Нет";"Киевская";5;6;7;65
"641";21560565;3;"Нет";"Маяковская";10;6;6;70
"642";21560568;3;"Нет";"Пушкинская";10;6;6;70
"643";23694076;3;"Нет";"Третьяковская";5;10;14;65
"644";24043060;3;"Нет";"Новокузнецкая";NA;6;6;85
"645";23709857;3;"Нет";"Курская";5;1;6;101
"646";23461778;3;"Нет";"Таганская";10;7;12;101
"647";24052467;4;"Нет";"Новокузнецкая";7;2;6;97
"648";24052469;4;"Нет";"Павелецкая";7;2;6;97
"649";23955313;4;"Нет";"Таганская";3;3;4;99
"650";24013266;2;"Да";"Серпуховская";10;5;17;73
"651";24013265;2;"Да";"Серпуховская";10;5;17;73
"652";24006678;1;"Нет";"Серпуховская";10;6;14;70
"653";24006679;1;"Нет";"Серпуховская";10;6;14;70
"654";24006680;1;"Нет";"Серпуховская";10;6;14;70
"655";24006677;1;"Нет";"Серпуховская";10;6;14;70
"656";24006674;1;"Нет";"Октябрьская";10;6;14;70
"657";24006675;1;"Нет";"Октябрьская";10;6;14;70
"658";24006676;1;"Нет";"Октябрьская";10;6;14;70
"659";24006673;1;"Нет";"Октябрьская";10;6;14;70
"660";24007208;1;"Да";"Добрынинская";10;6;14;70
"661";24001890;1;"Да";"Добрынинская";10;6;14;70
"662";24002163;1;"Да";"Добрынинская";10;6;14;70
"663";24009941;1;"Да";"Добрынинская";10;6;14;70
"664";24001714;1;"Да";"Октябрьская";10;6;14;70
"665";24043368;1;"Нет";"Кропоткинская";5;6;9;46
"666";24006671;1;"Нет";"Октябрьская";10;5;14;68
"667";24006672;1;"Нет";"Октябрьская";10;5;14;68
"668";24006670;1;"Нет";"Октябрьская";10;5;14;68
"669";24006668;1;"Нет";"Октябрьская";10;5;14;68
"670";24006669;1;"Нет";"Октябрьская";10;5;14;68
"671";24010746;1;"Да";"Добрынинская";10;5;14;68
"672";24001889;1;"Да";"Добрынинская";10;5;14;68
"673";24010759;1;"Да";"Добрынинская";10;5;14;68
"674";24010745;1;"Да";"Добрынинская";10;5;14;68
"675";24010760;1;"Да";"Добрынинская";10;5;14;68
"676";24001717;1;"Да";"Октябрьская";10;5;14;68
"677";24002162;1;"Да";"Добрынинская";10;5;14;68
"678";24007253;1;"Да";"Добрынинская";10;5;14;68
"679";24007252;1;"Да";"Добрынинская";10;5;14;68
"680";24013263;1;"Да";"Октябрьская";10;5;17;69
"681";23983081;2;"Нет";"Пушкинская";2;2;10;50
"682";23983082;2;"Нет";"Маяковская";2;2;10;50
"683";24050080;2;"Нет";"Марксистская";15;3;9;86
"684";24042618;3;"Нет";"Чистые пруды";NA;3;6;80
"685";24039817;4;"Нет";"Китай-город";5;6;7;90
"686";24028546;3;"Нет";"Кропоткинская";3;4;5;86
"687";24013030;1;"Да";"Киевская";10;18;47;63
"688";24011011;2;"Нет";"Киевская";10;28;47;62
"689";23938928;3;"Нет";"Киевская";5;2;10;93
"690";24042982;3;"Нет";"Маяковская";NA;4;6;90
"691";24001610;2;"Да";"Октябрьская";10;5;13;75
"692";24040855;2;"Нет";"Полянка";0;3;7;60
"693";24001612;2;"Да";"Октябрьская";10;5;13;76
"694";23571929;2;"Да";"Октябрьская";10;18;27;60
"695";23923170;3;"Нет";"Октябрьская";5;2;8;80
"696";24042574;3;"Нет";"Серпуховская";5;9;12;77
"697";22939192;3;"Нет";"Парк культуры";7;3;8;94
"698";24052477;4;"Нет";"Таганская";7;5;18;105
"699";22296632;5;"Нет";"Белорусская";7;5;5;120
"700";23993744;1;"Да";"Парк культуры";10;6;6;57
"701";24004004;2;"Нет";"Сухаревская";10;3;14;80
"702";24003998;2;"Нет";"Октябрьская";10;3;14;80
"703";24003999;2;"Нет";"Октябрьская";10;3;14;80
"704";24003997;2;"Нет";"Октябрьская";10;3;14;80
"705";24004002;2;"Нет";"Серпуховская";10;3;14;80
"706";24004003;2;"Нет";"Серпуховская";10;3;14;80
"707";24008653;2;"Да";"Добрынинская";10;3;12;80
"708";24004000;2;"Нет";"Серпуховская";10;3;14;80
"709";24004001;2;"Нет";"Серпуховская";10;3;14;80
"710";24003922;2;"Да";"Октябрьская";10;3;12;80
"711";24003459;2;"Да";"Октябрьская";10;3;10;80
"712";24003995;2;"Нет";"Октябрьская";10;3;14;80
"713";24003996;2;"Нет";"Октябрьская";10;3;14;80
"714";24001822;2;"Да";"Серпуховская";10;3;17;80
"715";24002048;2;"Да";"Октябрьская";10;3;14;80
"716";24002049;2;"Да";"Октябрьская";10;3;14;80
"717";23834382;2;"Да";"Серпуховская";10;3;14;80
"718";24001841;2;"Да";"Октябрьская";10;3;14;80
"719";24001613;2;"Да";"Октябрьская";10;3;13;80
"720";24001719;2;"Да";"Октябрьская";10;3;13;80
"721";24007209;2;"Да";"Октябрьская";10;3;14;80
"722";24001895;2;"Да";"Октябрьская";10;3;14;80
"723";24034533;2;"Нет";"Киевская";10;8;22;90
"724";24013268;2;"Да";"Октябрьская";10;5;17;76
"725";24013267;2;"Да";"Октябрьская";10;5;17;76
"726";24004005;2;"Нет";"Серпуховская";10;5;14;76
"727";24004013;2;"Нет";"Октябрьская";10;5;14;76
"728";24004014;2;"Нет";"Октябрьская";10;5;14;76
"729";24008654;2;"Да";"Добрынинская";10;5;12;76
"730";24004009;2;"Нет";"Серпуховская";10;5;14;76
"731";24004007;2;"Нет";"Серпуховская";10;5;14;76
"732";24003938;2;"Да";"Октябрьская";10;5;12;76
"733";24004008;2;"Нет";"Серпуховская";10;5;14;76
"734";24004006;2;"Нет";"Серпуховская";10;5;14;76
"735";24004012;2;"Нет";"Октябрьская";10;5;14;76
"736";24004010;2;"Нет";"Октябрьская";10;5;14;76
"737";24004011;2;"Нет";"Октябрьская";10;5;14;76
"738";24037051;3;"Нет";"Новокузнецкая";1;3;3;103
"739";24001840;2;"Да";"Октябрьская";10;5;14;76
"740";24001823;2;"Да";"Серпуховская";10;5;14;76
"741";24001721;2;"Да";"Октябрьская";10;5;11;76
"742";24001894;2;"Да";"Октябрьская";10;5;14;76
"743";24007256;2;"Да";"Октябрьская";10;5;14;76
"744";24013269;2;"Да";"Добрынинская";10;3;17;76
"745";24013270;2;"Да";"Добрынинская";10;3;17;76
"746";24013271;2;"Да";"Серпуховская";10;3;17;77
"747";23181570;2;"Нет";"Третьяковская";5;3;5;95
"748";24002935;2;"Да";"Серпуховская";10;7;12;75
"749";23241125;3;"Нет";"Арбатская";5;8;8;78
"750";23734201;3;"Нет";"Курская";5;9;9;76
"751";24042906;3;"Нет";"Краснопресненская";10;2;11;90
"752";23966418;1;"Да";"Курская";NA;3;9;77
"753";23455121;3;"Нет";"Трубная";3;3;3;84
"754";20994090;2;"Нет";"Маяковская";5;5;7;86
"755";23989108;5;"Нет";"Красные Ворота";10;6;7;154
"756";24010743;2;"Да";"Октябрьская";10;5;14;75
"757";24010744;2;"Да";"Октябрьская";10;5;14;75
"758";24007255;2;"Да";"Октябрьская";10;5;14;75
"759";24001893;2;"Да";"Октябрьская";10;5;14;75
"760";24001824;2;"Да";"Серпуховская";10;5;14;75
"761";24007254;2;"Да";"Октябрьская";10;5;14;75
"762";24001839;2;"Да";"Октябрьская";10;5;14;75
"763";24010758;2;"Да";"Октябрьская";10;5;14;75
"764";23994250;2;"Да";"Добрынинская";10;7;14;84
"765";24001722;2;"Да";"Октябрьская";10;5;14;75
"766";24010757;2;"Да";"Октябрьская";10;5;14;75
"767";24001725;2;"Да";"Октябрьская";10;7;14;75
"768";24001728;2;"Да";"Октябрьская";10;3;11;76
"769";24001842;2;"Да";"Октябрьская";10;3;14;76
"770";24001896;2;"Да";"Октябрьская";10;3;14;76
"771";23855268;2;"Нет";"Смоленская";2;4;6;56
"772";23988540;2;"Нет";"Краснопресненская";10;10;11;59
"773";23798350;2;"Нет";"Менделеевская";7;9;14;56
"774";24003154;2;"Да";"Добрынинская";10;7;14;74
"775";24042847;2;"Нет";"Киевская";NA;4;12;65
"776";23187573;3;"Нет";"Маяковская";8;5;5;78
"777";23686694;3;"Нет";"Смоленская";3;5;7;73
"778";23787221;3;"Нет";"Чистые пруды";10;4;5;81
"779";24017235;3;"Нет";"Красные Ворота";10;4;5;81
"780";24043407;3;"Нет";"Пушкинская";NA;1;4;55
"781";23818035;3;"Нет";"Таганская";4;4;4;76
"782";23687311;4;"Нет";"Охотный Ряд";5;4;4;112
"783";22988948;5;"Нет";"Цветной бульвар";5;1;4;100
"784";23923220;5;"Нет";"Новокузнецкая";5;3;3;85
"785";23923223;5;"Нет";"Третьяковская";5;2;3;85
"786";23686707;5;"Нет";"Парк культуры";3;1;5;123
"787";24013272;2;"Да";"Октябрьская";10;5;17;76
"788";23455119;2;"Нет";"Пушкинская";5;6;6;50
"789";24042853;1;"Нет";"Маяковская";5;4;10;52
"790";23986700;2;"Нет";"Арбатская";5;2;6;60
"791";24031990;2;"Нет";"Библиотека им. Ленина";2;2;9;80
"792";24042773;3;"Нет";"Кропоткинская";5;2;5;83
"793";23249505;4;"Нет";"Арбатская";2;5;5;96
"794";23249506;4;"Нет";"Кропоткинская";2;5;5;96
"795";23989286;4;"Нет";"Китай-город";5;2;6;90
"796";21064454;2;"Нет";"Библиотека им. Ленина";5;3;12;70
"797";21582874;3;"Нет";"Библиотека им. Ленина";5;3;12;70
"798";24043557;3;"Нет";"Смоленская";NA;4;5;74
"799";24001843;2;"Да";"Октябрьская";10;9;14;73
"800";24007210;2;"Да";"Октябрьская";10;9;14;73
"801";24001897;2;"Да";"Октябрьская";10;9;14;73
"802";23687296;4;"Нет";"Тверская";7;1;6;76
"803";23988976;2;"Нет";"Киевская";7;9;12;70
"804";23697815;3;"Нет";"Полянка";5;4;6;85
"805";23749760;3;"Нет";"Цветной бульвар";5;3;10;100
"806";23749754;4;"Нет";"Цветной бульвар";5;3;10;100
"807";23734214;4;"Нет";"Парк культуры";5;4;5;129
"808";23876112;5;"Нет";"Маяковская";5;3;6;105
"809";24042628;4;"Нет";"Красные Ворота";NA;NA;NA;118
"810";24013273;2;"Да";"Добрынинская";10;5;17;75
"811";24013274;2;"Да";"Добрынинская";10;5;17;75
"812";24043133;4;"Нет";"Кропоткинская";NA;3;6;99
"813";24003497;2;"Нет";"Октябрьская";10;3;10;81
"814";24011255;1;"Нет";"Киевская";10;2;36;74
"815";24013275;2;"Да";"Серпуховская";10;3;17;76
"816";24043044;3;"Нет";"Смоленская";5;5;5;95
"817";24013138;1;"Да";"Киевская";10;2;32;75
"818";24001899;2;"Да";"Октябрьская";10;11;14;80
"819";24001730;2;"Да";"Октябрьская";10;3;11;76
"820";24001845;2;"Да";"Октябрьская";10;11;14;80
"821";24007213;2;"Да";"Октябрьская";10;11;14;80
"822";24001900;2;"Да";"Октябрьская";10;3;14;76
"823";24001733;2;"Да";"Октябрьская";10;3;11;76
"824";24007211;2;"Да";"Октябрьская";10;3;14;76
"825";24001740;2;"Да";"Октябрьская";10;5;11;77
"826";24001846;2;"Да";"Октябрьская";10;3;14;76
"827";24013276;2;"Да";"Октябрьская";10;5;17;80
"828";24002274;2;"Да";"Октябрьская";10;5;13;77
"829";24001847;2;"Да";"Добрынинская";10;5;14;77
"830";24001901;2;"Да";"Добрынинская";10;5;14;77
"831";24007212;2;"Да";"Добрынинская";10;5;14;77
"832";24008656;2;"Да";"Добрынинская";10;7;12;79
"833";24001902;2;"Да";"Добрынинская";10;9;14;75
"834";24007214;2;"Да";"Добрынинская";10;9;14;75
"835";24001848;2;"Да";"Добрынинская";10;9;14;75
"836";23455438;3;"Нет";"Октябрьская";NA;6;8;96
"837";24013277;2;"Да";"Добрынинская";10;5;17;80
"838";24013278;2;"Да";"Добрынинская";10;5;17;80
"839";22435169;4;"Нет";"Проспект Мира";5;3;8;108
"840";23955391;4;"Нет";"Проспект Мира";2;3;8;108
"841";23187505;4;"Нет";"Проспект Мира";10;3;8;108
"842";24003940;2;"Да";"Октябрьская";10;9;12;74
"843";24001743;2;"Да";"Октябрьская";10;9;11;74
"844";24001837;2;"Да";"Октябрьская";10;9;14;73
"845";24001891;2;"Да";"Октябрьская";10;9;14;73
"846";24010756;2;"Да";"Октябрьская";10;9;14;73
"847";24007243;2;"Да";"Октябрьская";10;9;14;73
"848";24007242;2;"Да";"Октябрьская";10;9;14;73
"849";24010754;2;"Да";"Октябрьская";10;9;14;73
"850";24010768;2;"Да";"Октябрьская";10;9;14;73
"851";24010770;2;"Да";"Октябрьская";10;9;14;73
"852";24011256;1;"Нет";"Киевская";10;4;36;72
"853";24013139;1;"Да";"Киевская";10;4;32;73
"854";24013279;2;"Да";"Серпуховская";10;5;17;83
"855";23966421;1;"Да";"Курская";NA;2;9;85
"856";20758972;2;"Нет";"Новослободская";5;9;14;56
"857";24042871;2;"Нет";"Октябрьская";3;6;8;76
"858";24009939;2;"Да";"Добрынинская";10;5;13;76
"859";24008657;2;"Да";"Добрынинская";10;10;12;77
"860";24004648;2;"Нет";"Октябрьская";10;7;14;75
"861";24005174;2;"Да";"Серпуховская";10;10;14;77
"862";24006429;2;"Нет";"Серпуховская";10;10;12;77
"863";24004649;2;"Нет";"Октябрьская";10;7;14;75
"864";24043321;2;"Нет";"Киевская";NA;7;14;65
"865";23745076;3;"Нет";"Смоленская";2;5;9;104
"866";24049965;3;"Нет";"Сухаревская";2;4;5;87
"867";20623109;3;"Нет";"Краснопресненская";10;6;8;67
"868";23927677;3;"Нет";"Киевская";7;5;11;75
"869";22862313;4;"Нет";"Китай-город";7;2;5;106
"870";23805991;4;"Нет";"Цветной бульвар";2;6;7;83
"871";24042730;4;"Нет";"Пушкинская";10;4;4;107
"872";23671080;4;"Нет";"Новослободская";10;2;10;106
"873";23966420;1;"Да";"Курская";NA;5;9;73
"874";23966423;1;"Да";"Курская";NA;3;9;85
"875";24013280;2;"Да";"Октябрьская";10;9;17;74
"876";24013140;1;"Да";"Киевская";10;9;32;71
"877";24013141;1;"Да";"Киевская";10;9;32;71
"878";24007215;2;"Да";"Добрынинская";10;5;14;79
"879";24001903;2;"Да";"Добрынинская";10;5;14;79
"880";24001849;2;"Да";"Добрынинская";10;5;14;79
"881";24005178;2;"Да";"Серпуховская";10;9;14;76
"882";23808674;3;"Нет";"Смоленская";2;7;8;90
"883";24005179;2;"Да";"Серпуховская";10;5;14;83
"884";24005180;2;"Да";"Серпуховская";10;9;14;76
"885";24001838;2;"Да";"Октябрьская";10;10;14;76
"886";24003460;2;"Да";"Октябрьская";10;10;11;77
"887";24001825;2;"Да";"Серпуховская";10;10;17;77
"888";24001939;2;"Да";"Октябрьская";10;10;14;77
"889";24003794;2;"Да";"Октябрьская";10;10;12;77
"890";24003499;2;"Нет";"Октябрьская";10;10;11;76
"891";24001892;2;"Да";"Октябрьская";10;10;14;76
"892";24002050;2;"Да";"Октябрьская";10;10;14;76
"893";24002042;2;"Да";"Добрынинская";10;10;12;77
"894";24002937;2;"Да";"Серпуховская";10;8;10;82
"895";24002053;2;"Да";"Октябрьская";10;10;14;76
"896";24002052;2;"Да";"Октябрьская";10;10;14;76
"897";24002051;2;"Да";"Октябрьская";10;10;14;76
"898";24000578;2;"Да";"Октябрьская";10;10;12;77
"899";24042785;3;"Нет";"Смоленская";5;4;9;72
"900";23126779;4;"Нет";"Киевская";10;5;8;98
"901";24013282;2;"Да";"Добрынинская";10;9;17;76
"902";24013281;2;"Да";"Добрынинская";10;9;17;76
"903";24005215;2;"Да";"Серпуховская";10;9;14;76
"904";24001940;2;"Да";"Октябрьская";10;9;14;76
"905";24009934;2;"Да";"Добрынинская";10;9;14;76
"906";24009337;2;"Да";"Добрынинская";10;9;11;75
"907";24001941;2;"Да";"Октябрьская";10;5;14;80
"908";24005217;2;"Да";"Серпуховская";10;9;14;77
"909";24006366;3;"Нет";"Киевская";10;11;12;109
"910";23324333;4;"Нет";"Красные Ворота";7;5;7;156
"911";24001905;2;"Да";"Добрынинская";10;4;14;84
"912";24001851;2;"Да";"Добрынинская";10;4;14;84
"913";24007216;2;"Да";"Добрынинская";10;4;14;84
"914";24013284;2;"Да";"Серпуховская";10;9;17;76
"915";24013283;2;"Да";"Серпуховская";10;9;17;76
"916";24042705;2;"Нет";"Охотный Ряд";NA;4;13;67
"917";20514669;3;"Нет";"Пушкинская";NA;2;6;83
"918";22930460;3;"Нет";"Краснопресненская";10;5;7;93
"919";22919179;4;"Нет";"Трубная";2;2;8;100
"920";24039687;4;"Нет";"Павелецкая";5;7;NA;115
"921";23989020;4;"Нет";"Серпуховская";5;2;7;94
"922";23414792;5;"Нет";"смоленская - синяя";8;2;10;120
"923";24043325;5;"Нет";"Красные Ворота";2;4;8;150
"924";23614310;6;"Нет";"Краснопресненская";3;6;6;125
"925";24002279;2;"Да";"Киевская";10;8;47;98
"926";24013285;2;"Да";"Октябрьская";10;9;17;76
"927";24001942;2;"Да";"Октябрьская";10;9;14;74
"928";24001898;2;"Да";"Октябрьская";10;9;14;73
"929";24001844;2;"Да";"Октябрьская";10;9;14;73
"930";24013286;2;"Да";"Добрынинская";10;5;17;84
"931";24009338;2;"Да";"Добрынинская";10;5;13;83
"932";24005219;2;"Да";"Серпуховская";10;5;14;84
"933";24001943;2;"Да";"Октябрьская";10;4;14;84
"934";24013287;2;"Да";"Серпуховская";10;9;17;77
"935";23815666;3;"Нет";"Белорусская";5;10;11;76
"936";22935918;5;"Нет";"Пушкинская";NA;4;4;91
"937";23999885;2;"Нет";"Парк культуры";10;2;6;73
"938";23994249;2;"Нет";"Добрынинская";10;7;14;84
"939";24001852;2;"Да";"Добрынинская";10;9;14;76
"940";24001906;2;"Да";"Добрынинская";10;9;14;76
"941";23994251;2;"Нет";"Добрынинская";10;7;14;84
"942";24001853;2;"Да";"Добрынинская";10;5;14;83
"943";24007217;2;"Да";"Добрынинская";10;5;14;83
"944";24001907;2;"Да";"Добрынинская";10;5;14;83
"945";24002054;2;"Да";"Октябрьская";10;3;14;90
"946";24002058;2;"Да";"Октябрьская";10;3;14;90
"947";24001850;2;"Да";"Добрынинская";10;3;14;90
"948";24001904;2;"Да";"Добрынинская";10;3;14;90
"949";24001944;2;"Да";"Октябрьская";10;3;14;91
"950";24001945;2;"Да";"Октябрьская";10;9;14;76
"951";22090069;4;"Нет";"Проспект Мира";2;6;6;116
"952";24013288;2;"Да";"Октябрьская";10;9;17;77
"953";24001946;2;"Да";"Октябрьская";10;5;14;84
"954";24013647;1;"Нет";"Китай-город";10;4;5;57
"955";22380125;2;"Нет";"Смоленская";3;4;9;67
"956";23718494;2;"Нет";"Таганская";5;8;22;57
"957";24042816;3;"Нет";"Кропоткинская";10;7;10;60
"958";23606960;3;"Нет";"Новослободская";7;6;7;90
"959";22354588;3;"Нет";"Курская";12;6;6;110
"960";24036912;5;"Нет";"Китай-город";15;5;6;137
"961";24043479;2;"Нет";"Проспект Мира";NA;NA;NA;60
"962";24013290;2;"Да";"Добрынинская";10;9;17;81
"963";24013289;2;"Да";"Добрынинская";10;9;17;81
"964";20458524;3;"Нет";"Маяковская";9;5;11;81
"965";24005220;2;"Да";"Серпуховская";10;9;14;81
"966";23534501;4;"Нет";"Чистые пруды";10;2;5;112
"967";23559333;4;"Нет";"Курская";5;2;5;112
"968";24008088;2;"Да";"Таганская";10;2;4;64
"969";24043529;3;"Нет";"Третьяковская";NA;5;6;83
"970";24043746;2;"Нет";"Смоленская";5;3;5;74
"971";24042872;4;"Нет";"Трубная";2;2;8;100
"972";21459382;7;"Нет";"Тверская";3;3;5;140
"973";24043167;2;"Нет";"Киевская";NA;6;14;68
"974";23707627;2;"Нет";"Китай-город";NA;5;32;66
"975";24043639;2;"Нет";"Маяковская";NA;7;9;70
"976";24043023;2;"Нет";"Киевская";9;20;47;100
"977";24042655;3;"Нет";"Таганская";NA;6;8;91
"978";23414788;3;"Нет";"Боровицкая";7;6;12;75
"979";22103511;2;"Нет";"Чистые пруды";7;2;6;70
"980";24042627;2;"Нет";"Чистые пруды";NA;2;5;70
"981";24042990;2;"Нет";"Баррикадная";10;4;8;55
"982";22103512;2;"Нет";"Киевская";5;6;14;70
"983";23808579;3;"Нет";"Охотный Ряд";5;3;5;70
"984";24043025;3;"Нет";"Таганская";NA;6;8;80
"985";22705875;4;"Нет";"Смоленская";7;8;8;118
"986";22706008;4;"Нет";"Баррикадная";5;8;8;118
"987";23852851;4;"Нет";"Павелецкая";10;2;5;130
"988";23963747;4;"Нет";"Киевская";2;4;7;117
"989";20623138;4;"Нет";"Киевская";5;1;9;154
"990";24011009;2;"Нет";"Киевская";10;9;47;100
"991";24013031;2;"Да";"Киевская";10;9;47;100
"992";24005222;2;"Да";"Серпуховская";10;11;14;77
"993";23993604;2;"Да";"Парк культуры";10;6;6;73
"994";23994715;3;"Да";"Добрынинская";10;6;14;116
"995";23994714;3;"Нет";"Добрынинская";10;6;14;116
"996";22566304;3;"Нет";"Краснопресненская";5;6;7;90
"997";22996540;3;"Нет";"Краснопресненская";5;6;7;90
"998";24013291;2;"Да";"Серпуховская";10;9;17;80
"999";23994377;2;"Да";"Новокузнецкая";10;3;5;67
"1000";24013292;2;"Да";"Октябрьская";10;11;17;77
"1001";24011116;3;"Нет";"Киевская";10;10;47;110
"1002";24013065;3;"Да";"Киевская";10;10;47;110
"1003";24002077;2;"Нет";"Киевская";10;9;47;99
"1004";24002076;2;"Нет";"Киевская";10;9;47;99
"1005";24002079;2;"Нет";"Киевская";10;9;47;99
"1006";24002078;2;"Нет";"Киевская";10;9;47;99
"1007";24002380;2;"Нет";"Киевская";10;9;47;99
"1008";24002381;2;"Нет";"Киевская";10;9;47;99
"1009";24002378;2;"Нет";"Киевская";10;9;47;99
"1010";24002379;2;"Нет";"Киевская";10;9;47;99
"1011";24043104;2;"Нет";"Пушкинская";NA;4;6;61
"1012";24013032;2;"Да";"Киевская";10;12;47;96
"1013";24011014;2;"Нет";"Киевская";10;12;47;95
"1014";23993743;1;"Да";"Парк культуры";10;6;6;72
"1015";24013293;2;"Да";"Добрынинская";10;8;17;82
"1016";24013294;2;"Да";"Добрынинская";10;8;17;82
"1017";24011020;2;"Нет";"Киевская";10;10;47;110
"1018";24013033;2;"Да";"Киевская";10;10;47;110
"1019";24042538;1;"Нет";"Кропоткинская";NA;4;5;57
"1020";24000275;2;"Нет";"Трубная";10;3;4;91
"1021";23123386;2;"Нет";"Киевская";20;10;47;98
"1022";22387932;3;"Нет";"Смоленская";5;7;12;68
"1023";24043020;3;"Нет";"Кропоткинская";5;2;5;79
"1024";24043063;3;"Нет";"Маяковская";5;7;7;115
"1025";24043628;3;"Нет";"Маяковская";NA;7;12;105
"1026";23454985;3;"Нет";"Таганская";3;11;14;110
"1027";24042931;5;"Нет";"Смоленская";5;3;12;101
"1028";23949702;6;"Нет";"Павелецкая";12;3;5;135
"1029";23852916;2;"Да";"Курская";10;3;9;102
"1030";24043612;4;"Нет";"Парк культуры";10;2;9;93
"1031";24042942;2;"Нет";"Чистые пруды";NA;3;6;87
"1032";23819077;2;"Нет";"Чеховская";NA;3;6;90
"1033";24013035;2;"Да";"Киевская";10;9;47;98
"1034";24013034;2;"Да";"Киевская";10;9;47;98
"1035";24011032;2;"Нет";"Киевская";10;9;47;97
"1036";24043700;2;"Нет";"Менделеевская";10;6;6;105
"1037";24013036;2;"Да";"Киевская";10;16;47;99
"1038";24011035;2;"Нет";"Киевская";10;16;47;98
"1039";24043330;2;"Нет";"Кропоткинская";NA;7;7;77
"1040";24008084;2;"Да";"Таганская";10;2;5;80
"1041";23720960;2;"Нет";"Таганская";10;15;30;65
"1042";23905754;4;"Нет";"Тверская";5;2;5;93
"1043";23994379;2;"Да";"Новокузнецкая";10;4;5;68
"1044";20829941;3;"Нет";"Октябрьская";7;7;9;70
"1045";20829942;3;"Нет";"Парк культуры";5;7;9;70
"1046";22951958;4;"Нет";"Чистые пруды";5;4;4;103
"1047";23737745;4;"Нет";"Кропоткинская";5;3;6;82
"1048";24028667;4;"Нет";"Добрынинская";2;2;7;92
"1049";24013298;3;"Да";"Добрынинская";10;4;17;99
"1050";24013120;2;"Да";"Киевская";10;9;7;111
"1051";24011248;2;"Нет";"Киевская";10;9;10;111
"1052";24013119;2;"Да";"Киевская";10;9;7;111
"1053";24002280;2;"Да";"Киевская";10;16;47;98
"1054";24013038;2;"Да";"Киевская";10;10;47;98
"1055";24011036;2;"Нет";"Киевская";10;10;47;97
"1056";24013037;2;"Да";"Киевская";10;10;47;98
"1057";23992596;1;"Да";"Парк культуры";10;3;4;73
"1058";24013565;1;"Нет";"Чистые пруды";10;4;5;57
"1059";22930454;2;"Нет";"Пушкинская";12;2;4;94
"1060";24008631;2;"Нет";"Цветной бульвар";10;3;5;90
"1061";22930450;3;"Нет";"Пушкинская";12;2;4;94
"1062";23210438;3;"Нет";"Маяковская";10;6;7;105
"1063";23731663;3;"Нет";"Арбатская";5;2;5;85
"1064";23734246;3;"Нет";"Трубная";5;4;6;90
"1065";23734247;3;"Нет";"Цветной бульвар";5;4;6;90
"1066";24008658;3;"Да";"Добрынинская";10;3;12;110
"1067";23734239;6;"Нет";"Китай-город";7;1;3;143
"1068";23210442;7;"Нет";"Новокузнецкая";3;3;3;145
"1069";24043650;3;"Нет";"Октябрьская";10;4;12;109
"1070";24005225;3;"Да";"Серпуховская";10;3;14;110
"1071";23485936;6;"Нет";"Красные Ворота";2;6;8;143
"1072";23967405;2;"Да";"Курская";NA;4;9;95
"1073";20516884;3;"Нет";"Парк культуры";NA;6;6;72
"1074";22934669;2;"Нет";"Смоленская";5;9;16;56
"1075";24009440;2;"Да";"Киевская";10;12;47;110
"1076";24008023;3;"Да";"Киевская";10;12;47;110
"1077";24011037;2;"Нет";"Киевская";10;22;47;97
"1078";24013039;2;"Да";"Киевская";10;22;47;98
"1079";24042600;3;"Нет";"Курская";10;4;10;106
"1080";24011249;2;"Нет";"Киевская";10;8;10;106
"1081";24013121;2;"Да";"Киевская";10;8;7;107
"1082";23994527;3;"Да";"Добрынинская";10;3;11;116
"1083";24001855;3;"Да";"Добрынинская";10;3;14;116
"1084";24001909;3;"Да";"Добрынинская";10;3;14;116
"1085";24007219;3;"Да";"Добрынинская";10;3;14;116
"1086";24001935;3;"Да";"Октябрьская";10;3;13;116
"1087";24013300;3;"Да";"Серпуховская";10;3;17;105
"1088";24013299;3;"Да";"Серпуховская";10;3;17;105
"1089";24013301;3;"Да";"Октябрьская";10;3;17;110
"1090";24013302;3;"Да";"Октябрьская";10;3;17;110
"1091";24013041;2;"Да";"Киевская";10;31;47;98
"1092";24013040;2;"Да";"Киевская";10;31;47;98
"1093";24011038;2;"Нет";"Киевская";10;31;47;97
"1094";24011257;2;"Нет";"Киевская";10;21;36;100
"1095";24043651;4;"Нет";"Киевская";NA;4;11;108
"1096";24013142;2;"Да";"Киевская";10;21;32;101
"1097";24013042;2;"Да";"Киевская";10;20;47;98
"1098";24011040;2;"Нет";"Киевская";10;20;47;97
"1099";24011267;2;"Нет";"Киевская";10;10;36;105
"1100";24013143;2;"Да";"Киевская";10;10;32;105
"1101";24042776;3;"Нет";"Охотный Ряд";NA;5;8;71
"1102";23498028;6;"Нет";"Красные Ворота";NA;2;6;132
"1103";24031894;6;"Нет";"Чистые пруды";5;3;6;143
"1104";24005228;3;"Да";"Серпуховская";10;4;14;99
"1105";24043392;3;"Нет";"Парк культуры";NA;7;7;97
"1106";22980727;3;"Нет";"Киевская";7;21;22;130
"1107";24002281;3;"Да";"Киевская";10;10;47;100
"1108";24008659;3;"Да";"Добрынинская";10;3;12;112
"1109";24005229;3;"Да";"Серпуховская";10;3;14;113
"1110";24002939;3;"Да";"Серпуховская";10;3;12;116
"1111";24052442;3;"Нет";"Чистые пруды";10;5;6;88
"1112";24043093;4;"Нет";"Таганская";5;8;9;93
"1113";24013451;106;"Нет";"Октябрьская";10;4;12;3
"1114";24013450;106;"Нет";"Октябрьская";10;4;12;3
"1115";24013303;3;"Да";"Добрынинская";10;4;17;106
"1116";24013295;2;"Да";"Серпуховская";10;5;17;108
"1117";24001936;3;"Да";"Октябрьская";10;6;13;114
"1118";24001856;3;"Да";"Добрынинская";10;6;14;114
"1119";24007220;3;"Да";"Добрынинская";10;6;14;114
"1120";24001910;3;"Да";"Добрынинская";10;6;14;114
"1121";24013304;3;"Да";"Серпуховская";10;3;17;116
"1122";24043142;5;"Нет";"Чистые пруды";NA;3;4;120
"1123";22345518;1;"Да";"Маяковская";NA;8;12;62
"1124";23966979;1;"Да";"Курская";NA;8;9;73
"1125";24013044;2;"Да";"Киевская";10;33;47;92
"1126";24002382;2;"Нет";"Киевская";10;33;47;91
"1127";24013043;2;"Да";"Киевская";10;33;47;92
"1128";24002081;2;"Нет";"Киевская";10;33;47;91
"1129";24002082;2;"Нет";"Киевская";10;33;47;91
"1130";24002083;2;"Нет";"Киевская";10;33;47;91
"1131";24002080;2;"Нет";"Киевская";10;33;47;91
"1132";24011041;2;"Нет";"Киевская";10;33;47;91
"1133";24002384;2;"Нет";"Киевская";10;33;47;91
"1134";24002383;2;"Нет";"Киевская";10;33;47;91
"1135";24002420;2;"Нет";"Киевская";10;25;30;110
"1136";24002419;2;"Нет";"Киевская";10;25;30;110
"1137";24002418;2;"Нет";"Киевская";10;25;30;110
"1138";24002131;2;"Нет";"Киевская";10;25;30;110
"1139";24002132;2;"Нет";"Киевская";10;25;30;110
"1140";24002130;2;"Нет";"Киевская";10;25;30;110
"1141";24002128;2;"Нет";"Киевская";10;25;30;110
"1142";24001810;3;"Да";"Киевская";10;25;32;110
"1143";24003857;3;"Да";"Октябрьская";10;3;12;117
"1144";23152487;3;"Нет";"Киевская";3;7;12;93
"1145";22150012;4;"Нет";"Чистые пруды";10;4;6;116
"1146";22663882;4;"Нет";"Чистые пруды";5;4;5;92
"1147";24042777;4;"Нет";"Таганская";NA;8;9;120
"1148";22123055;4;"Нет";"Киевская";7;3;9;84
"1149";21831509;5;"Нет";"Смоленская";2;1;4;122
"1150";23913058;5;"Нет";"Александровский сад";10;6;10;160
"1151";22198724;5;"Нет";"Киевская";5;2;9;146
"1152";23723904;7;"Нет";"Китай-город";1;4;4;192
"1153";24003461;3;"Да";"Октябрьская";10;3;10;116
"1154";24003500;3;"Нет";"Октябрьская";10;3;10;117
"1155";24001826;3;"Да";"Серпуховская";10;3;17;116
"1156";24002060;3;"Да";"Октябрьская";10;3;14;116
"1157";24001948;3;"Да";"Октябрьская";10;3;14;116
"1158";24005230;3;"Да";"Серпуховская";10;3;14;117
"1159";23784986;1;"Да";"Новокузнецкая";NA;5;7;68
"1160";24003860;3;"Да";"Октябрьская";10;4;12;106
"1161";24005231;3;"Да";"Серпуховская";10;4;14;106
"1162";23044667;2;"Нет";"Новокузнецкая";5;4;5;80
"1163";23044668;3;"Нет";"Новокузнецкая";5;3;5;82
"1164";23642092;4;"Нет";"Тверская";5;3;NA;100
"1165";24001857;3;"Да";"Добрынинская";10;3;14;113
"1166";24001911;3;"Да";"Добрынинская";10;3;14;113
"1167";24001614;3;"Да";"Октябрьская";10;3;13;113
"1168";20513631;2;"Нет";"Пушкинская";NA;1;6;80
"1169";24011042;1;"Нет";"Киевская";10;31;47;96
"1170";24013045;2;"Да";"Киевская";10;31;47;98
"1171";24013144;2;"Да";"Киевская";10;10;32;101
"1172";24013145;2;"Да";"Киевская";10;10;32;101
"1173";24011268;2;"Нет";"Киевская";10;25;36;110
"1174";24002119;2;"Нет";"Киевская";10;5;10;111
"1175";24002120;2;"Нет";"Киевская";10;5;10;111
"1176";24002118;2;"Нет";"Киевская";10;5;10;111
"1177";24013123;2;"Да";"Киевская";10;5;7;112
"1178";24002417;2;"Нет";"Киевская";10;5;10;111
"1179";24013122;2;"Да";"Киевская";10;5;7;112
"1180";24002117;2;"Нет";"Киевская";10;5;10;111
"1181";24011250;2;"Нет";"Киевская";10;5;10;111
"1182";24013146;2;"Да";"Киевская";10;25;32;110
"1183";24013147;2;"Да";"Киевская";10;25;32;110
"1184";24002431;2;"Нет";"Киевская";10;27;37;109
"1185";24000288;2;"Нет";"Киевская";10;27;37;109
"1186";24002462;2;"Нет";"Киевская";10;27;37;109
"1187";24043410;3;"Нет";"Смоленская";NA;1;7;108
"1188";24002440;3;"Нет";"Киевская";10;27;37;109
"1189";24002439;3;"Нет";"Киевская";10;27;37;109
"1190";24002441;3;"Нет";"Киевская";10;27;37;109
"1191";24001771;3;"Нет";"Киевская";10;27;37;109
"1192";24001786;3;"Нет";"Киевская";10;27;37;109
"1193";24001785;3;"Нет";"Киевская";10;27;37;109
"1194";23852874;9;"Нет";"Китай-город";10;3;4;172
"1195";23852875;9;"Нет";"Китай-город";10;3;4;172
"1196";24011043;2;"Нет";"Киевская";10;37;47;99
"1197";24013046;2;"Да";"Киевская";10;37;47;100
"1198";24011044;2;"Нет";"Киевская";10;29;47;98
"1199";24013047;2;"Да";"Киевская";10;29;47;99
"1200";24013048;2;"Да";"Киевская";10;31;47;99
"1201";24011045;2;"Нет";"Киевская";10;31;47;98
"1202";24013049;2;"Да";"Киевская";10;31;47;99
"1203";23994873;5;"Нет";"Парк культуры";10;4;5;101
"1204";23771699;2;"Нет";"Проспект Мира";2;2;14;85
"1205";24001949;3;"Да";"Октябрьская";10;3;14;113
"1206";24003861;3;"Да";"Октябрьская";10;3;12;113
"1207";24042809;3;"Да";"Октябрьская";10;5;11;110
"1208";23953083;3;"Нет";"Пушкинская";3;2;4;140
"1209";24042953;3;"Нет";"Арбатская";NA;2;5;90
"1210";24042572;4;"Нет";"Маяковская";3;4;6;100
"1211";22882006;5;"Нет";"Пушкинская";5;2;6;88
"1212";24013068;3;"Да";"Киевская";10;5;47;129
"1213";24011118;3;"Нет";"Киевская";10;5;47;128
"1214";24011078;2;"Нет";"Киевская";10;29;47;100
"1215";24013050;2;"Да";"Киевская";10;29;47;101
"1216";24011117;3;"Нет";"Киевская";10;6;47;129
"1217";24013067;3;"Да";"Киевская";10;6;47;129
"1218";24013066;3;"Да";"Киевская";10;6;47;129
"1219";24042974;3;"Нет";"Краснопресненская";7;6;19;130
"1220";24008660;3;"Да";"Добрынинская";10;5;12;113
"1221";24008661;3;"Да";"Добрынинская";10;3;12;118
"1222";24013306;3;"Да";"Октябрьская";10;3;17;119
"1223";24013305;3;"Да";"Октябрьская";10;3;17;119
"1224";24005235;3;"Да";"Серпуховская";10;5;14;113
"1225";24005233;3;"Да";"Серпуховская";10;3;14;118
"1226";24003862;3;"Да";"Октябрьская";10;5;12;113
"1227";24013308;3;"Да";"Добрынинская";10;5;17;113
"1228";24013307;3;"Да";"Добрынинская";10;5;17;113
"1229";24043267;5;"Нет";"Маяковская";5;5;6;NA
"1230";24013051;2;"Да";"Киевская";10;21;47;100
"1231";24011079;2;"Нет";"Киевская";10;21;47;99
"1232";24005236;3;"Да";"Серпуховская";10;5;14;114
"1233";24002390;2;"Нет";"Киевская";10;10;47;110
"1234";24002391;2;"Нет";"Киевская";10;10;47;110
"1235";24002388;2;"Нет";"Киевская";10;10;47;110
"1236";24002389;2;"Нет";"Киевская";10;10;47;110
"1237";24002090;2;"Нет";"Киевская";10;10;47;110
"1238";24002091;2;"Нет";"Киевская";10;10;47;110
"1239";24002088;2;"Нет";"Киевская";10;10;47;110
"1240";24002089;2;"Нет";"Киевская";10;10;47;110
"1241";24001912;3;"Да";"Добрынинская";10;4;14;98
"1242";24001858;3;"Да";"Добрынинская";10;4;14;98
"1243";24005238;3;"Да";"Серпуховская";10;5;14;114
"1244";24042638;3;"Нет";"Чистые пруды";10;4;6;129
"1245";24002941;3;"Да";"Серпуховская";10;6;11;98
"1246";23849029;4;"Нет";"Таганская";10;6;10;135
"1247";24013124;2;"Да";"Киевская";10;8;7;111
"1248";24013125;2;"Да";"Киевская";10;8;7;111
"1249";23993605;2;"Да";"Парк культуры";10;5;6;75
"1250";24013052;2;"Да";"Киевская";10;36;47;100
"1251";24011086;2;"Нет";"Киевская";10;36;47;99
"1252";24013053;2;"Да";"Киевская";10;14;47;99
"1253";24013309;3;"Да";"Серпуховская";10;5;17;113
"1254";24001859;3;"Да";"Добрынинская";10;3;14;118
"1255";24001913;3;"Да";"Добрынинская";10;3;14;118
"1256";24011253;2;"Нет";"Киевская";10;10;10;111
"1257";23640661;2;"Нет";"Киевская";10;13;NA;86
"1258";24013126;2;"Да";"Киевская";10;10;7;111
"1259";23859276;3;"Нет";"Киевская";20;10;32;107
"1260";24005241;3;"Да";"Серпуховская";10;4;14;114
"1261";24013310;3;"Да";"Октябрьская";10;4;17;114
"1262";24013311;3;"Да";"Добрынинская";10;5;17;115
"1263";24013312;3;"Да";"Добрынинская";10;5;17;115
"1264";24013313;3;"Да";"Серпуховская";10;5;17;114
"1265";23720964;2;"Нет";"Белорусская";2;7;17;90
"1266";23994932;3;"Нет";"Киевская";10;41;50;98
"1267";24002038;3;"Да";"Киевская";10;41;50;100
"1268";24001260;3;"Да";"Киевская";10;41;50;100
"1269";23994931;3;"Да";"Киевская";10;41;50;98
"1270";23871866;4;"Нет";"Проспект Мира";15;3;10;101
"1271";24013314;3;"Да";"Октябрьская";10;5;17;114
"1272";24042686;3;"Нет";"Октябрьская";NA;4;29;145
"1273";24013315;3;"Да";"Добрынинская";10;5;17;116
"1274";20759101;3;"Нет";"Цветной бульвар";5;2;6;90
"1275";24013316;3;"Да";"Серпуховская";10;5;17;116
"1276";10790108;2;"Нет";"Киевская";5;35;58;118
"1277";24013317;3;"Да";"Октябрьская";10;5;17;116
"1278";24013149;2;"Да";"Киевская";10;6;32;103
"1279";24013148;2;"Да";"Киевская";10;6;32;103
"1280";24011254;3;"Нет";"Киевская";10;10;10;153
"1281";24001950;3;"Да";"Октябрьская";10;3;14;119
"1282";24013127;3;"Да";"Киевская";10;10;7;153
"1283";24013128;3;"Да";"Киевская";10;10;7;153
"1284";24005242;3;"Да";"Серпуховская";10;5;14;118
"1285";24005243;3;"Да";"Серпуховская";10;5;14;116
"1286";24013319;3;"Да";"Добрынинская";10;5;17;116
"1287";24013318;3;"Да";"Добрынинская";10;5;17;116
"1288";24005245;3;"Да";"Серпуховская";10;5;14;116
"1289";24013320;3;"Да";"Серпуховская";10;5;17;117
"1290";24005255;3;"Да";"Серпуховская";10;5;14;118
"1291";24005246;3;"Да";"Серпуховская";10;5;14;116
"1292";24005248;3;"Да";"Серпуховская";10;5;14;116
"1293";24002366;2;"Нет";"Киевская";10;25;36;110
"1294";24013054;2;"Да";"Киевская";10;41;47;98
"1295";24001602;2;"Нет";"Киевская";10;25;36;110
"1296";24013069;3;"Да";"Киевская";10;41;47;98
"1297";23817458;4;"Нет";"Смоленская";10;6;6;150
"1298";23817459;4;"Нет";"Арбатская";10;6;6;150
"1299";23817463;4;"Нет";"Парк культуры";10;6;6;150
"1300";23854788;5;"Нет";"Смоленская";10;6;6;150
"1301";23854789;5;"Нет";"Арбатская";10;6;6;150
"1302";23854790;5;"Нет";"Парк культуры";10;6;6;150
"1303";24013322;3;"Да";"Октябрьская";10;5;17;118
"1304";24013321;3;"Да";"Октябрьская";10;5;17;118
"1305";24001951;3;"Да";"Октябрьская";10;13;14;116
"1306";24007241;3;"Да";"Добрынинская";10;13;14;115
"1307";24007240;3;"Да";"Добрынинская";10;13;14;115
"1308";24001865;3;"Да";"Добрынинская";10;13;14;115
"1309";24010771;3;"Да";"Добрынинская";10;13;14;115
"1310";24001919;3;"Да";"Добрынинская";10;13;14;115
"1311";23966424;2;"Да";"Курская";NA;4;9;110
"1312";24013324;3;"Да";"Добрынинская";10;9;17;108
"1313";24013323;3;"Да";"Добрынинская";10;9;17;108
"1314";23995327;1;"Да";"Парк культуры";10;5;6;76
"1315";23649000;4;"Нет";"Проспект Мира";5;2;NA;132
"1316";23648282;3;"Нет";"Проспект Мира";5;2;NA;132
"1317";24043350;3;"Нет";"Киевская";NA;11;47;106
"1318";21042240;4;"Нет";"Маяковская";10;10;20;101
"1319";23411535;4;"Нет";"Киевская";7;14;30;119
"1320";23808666;5;"Нет";"Маяковская";3;6;7;130
"1321";24005257;3;"Да";"Серпуховская";10;5;14;118
"1322";24013055;2;"Да";"Киевская";10;44;47;99
"1323";24001914;3;"Да";"Добрынинская";10;9;14;113
"1324";24001860;3;"Да";"Добрынинская";10;9;14;113
"1325";24007221;3;"Да";"Добрынинская";10;5;14;116
"1326";24001861;3;"Да";"Добрынинская";10;5;14;116
"1327";24001915;3;"Да";"Добрынинская";10;5;14;116
"1328";23993662;2;"Да";"Чкаловская";10;7;9;110
"1329";24001862;3;"Да";"Добрынинская";10;5;14;116
"1330";24001916;3;"Да";"Добрынинская";10;5;14;116
"1331";24007223;3;"Да";"Добрынинская";10;5;14;116
"1332";24007222;3;"Да";"Добрынинская";10;5;14;116
"1333";24001917;3;"Да";"Добрынинская";10;5;14;116
"1334";24001863;3;"Да";"Добрынинская";10;5;14;116
"1335";23375906;4;"Нет";"Чистые пруды";5;2;6;112
"1336";23375907;4;"Нет";"Тургеневская";5;2;6;112
"1337";24011269;2;"Нет";"Киевская";10;27;36;105
"1338";24013325;3;"Да";"Серпуховская";10;6;17;108
"1339";23866927;4;"Нет";"Киевская";20;16;32;118
"1340";24013150;2;"Да";"Киевская";10;27;32;105
"1341";24013151;3;"Да";"Киевская";10;13;32;119
"1342";24013152;3;"Да";"Киевская";10;13;32;119
"1343";23989268;2;"Нет";"Баррикадная";7;17;20;102
"1344";24001809;3;"Да";"Киевская";10;41;47;97
"1345";24010243;4;"Нет";"Смоленская";10;4;5;130
"1346";23970162;2;"Нет";"Цветной бульвар";5;4;6;70
"1347";24001952;3;"Да";"Октябрьская";10;5;14;116
"1348";24008662;3;"Да";"Добрынинская";10;5;12;121
"1349";24013326;3;"Да";"Октябрьская";10;5;17;122
"1350";24011280;3;"Нет";"Киевская";10;5;36;137
"1351";24013327;3;"Да";"Добрынинская";10;7;17;118
"1352";24013153;3;"Да";"Киевская";10;5;32;138
"1353";24013154;3;"Да";"Киевская";10;5;32;138
"1354";24001953;3;"Да";"Октябрьская";10;5;14;116
"1355";24001954;3;"Да";"Октябрьская";10;5;14;117
"1356";24001918;3;"Да";"Добрынинская";10;9;14;116
"1357";24001864;3;"Да";"Добрынинская";10;9;14;116
"1358";24007224;3;"Да";"Добрынинская";10;9;14;116
"1359";23315179;3;"Нет";"Киевская";20;46;50;102
"1360";23686759;4;"Нет";"Пушкинская";3;2;6;140
"1361";24031775;4;"Нет";"Полянка";NA;2;6;104
"1362";24013056;2;"Да";"Киевская";10;40;47;100
"1363";22165266;2;"Нет";"Кропоткинская";10;1;12;74
"1364";24043403;2;"Нет";"Кропоткинская";NA;6;6;105
"1365";22813514;4;"Нет";"Смоленская";5;5;6;130
"1366";24042691;5;"Нет";"Третьяковская";NA;2;6;127
"1367";24043438;2;"Нет";"Третьяковская";NA;5;5;106
"1368";22930444;3;"Нет";"Красные Ворота";15;5;9;151
"1369";24043406;3;"Нет";"Кузнецкий Мост";5;3;5;104
"1370";24043246;3;"Нет";"Таганская";5;4;8;75
"1371";24011283;3;"Нет";"Киевская";10;9;36;154
"1372";23852879;4;"Нет";"Смоленская";10;6;12;103
"1373";23694291;5;"Нет";"Арбатская";5;5;5;131
"1374";22285982;5;"Нет";"Киевская";5;2;12;126
"1375";24013155;3;"Да";"Киевская";10;9;32;154
"1376";24001827;3;"Да";"Серпуховская";10;9;17;114
"1377";24001955;3;"Да";"Октябрьская";10;9;14;114
"1378";24005258;3;"Да";"Серпуховская";10;9;14;114
"1379";24005261;3;"Да";"Серпуховская";10;9;14;114
"1380";24001866;3;"Да";"Добрынинская";10;5;14;118
"1381";24001956;3;"Да";"Октябрьская";10;5;14;119
"1382";24001920;3;"Да";"Добрынинская";10;5;14;118
"1383";24007239;3;"Да";"Добрынинская";10;5;14;118
"1384";24008085;2;"Да";"Таганская";10;2;5;100
"1385";24013057;2;"Да";"Киевская";10;41;47;101
"1386";24013058;2;"Да";"Киевская";10;47;47;99
"1387";23300328;3;"Нет";"Кузнецкий Мост";5;3;4;105
"1388";21936393;2;"Нет";"Краснопресненская";10;9;15;75
"1389";24013452;120;"Нет";"Октябрьская";10;11;12;3
"1390";24013453;120;"Нет";"Октябрьская";10;11;12;3
"1391";24013328;3;"Да";"Серпуховская";10;11;17;121
"1392";24008666;3;"Да";"Добрынинская";10;11;12;120
"1393";24013329;3;"Да";"Серпуховская";10;11;17;121
"1394";23560311;3;"Нет";"Таганская";7;3;12;100
"1395";21881271;3;"Нет";"Чистые пруды";10;4;6;148
"1396";23966426;2;"Да";"Курская";NA;6;9;110
"1397";23966425;2;"Да";"Курская";NA;5;9;110
"1398";24043011;2;"Нет";"Чистые пруды";NA;NA;NA;74
"1399";24008663;3;"Да";"Добрынинская";10;5;12;126
"1400";24013330;3;"Да";"Октябрьская";10;5;17;127
"1401";24013331;3;"Да";"Добрынинская";10;9;17;116
"1402";24013332;3;"Да";"Серпуховская";10;10;17;130
"1403";24013333;3;"Да";"Добрынинская";10;9;17;114
"1404";24002087;2;"Нет";"Киевская";10;46;47;100
"1405";24002086;2;"Нет";"Киевская";10;46;47;100
"1406";24002385;2;"Нет";"Киевская";10;46;47;101
"1407";24002386;2;"Нет";"Киевская";10;46;47;100
"1408";24002084;2;"Нет";"Киевская";10;46;47;101
"1409";24002387;2;"Нет";"Киевская";10;46;47;100
"1410";24002085;2;"Нет";"Киевская";10;46;47;100
"1411";24001812;3;"Да";"Киевская";10;46;47;100
"1412";24043235;3;"Нет";"Чистые пруды";NA;2;5;118
"1413";24013335;3;"Да";"Серпуховская";10;9;17;114
"1414";24013334;3;"Да";"Серпуховская";10;9;17;114
"1415";23966432;3;"Да";"Курская";NA;2;9;129
"1416";24013336;3;"Да";"Добрынинская";10;9;17;117
"1417";24047751;3;"Нет";"Тверская";NA;5;7;84
"1418";23647857;3;"Нет";"Киевская";5;2;NA;159
"1419";24005263;3;"Да";"Серпуховская";10;9;14;117
"1420";24005262;3;"Да";"Серпуховская";10;9;14;117
"1421";24001957;3;"Да";"Октябрьская";10;9;14;117
"1422";23866928;4;"Нет";"Киевская";20;6;32;121
"1423";24002942;4;"Да";"Серпуховская";10;3;9;135
"1424";24005264;3;"Да";"Серпуховская";10;9;14;116
"1425";23993741;2;"Да";"Парк культуры";10;6;6;98
"1426";24043243;3;"Нет";"Проспект Мира";3;2;14;132
"1427";24008667;4;"Да";"Добрынинская";10;3;12;134
"1428";24043482;4;"Нет";"Октябрьская";10;4;12;133
"1429";24005267;3;"Да";"Серпуховская";10;9;14;116
"1430";24013337;3;"Да";"Серпуховская";10;9;17;114
"1431";24013339;3;"Да";"Добрынинская";10;9;17;117
"1432";24013338;3;"Да";"Добрынинская";10;9;17;117
"1433";24007225;3;"Да";"Добрынинская";10;9;14;123
"1434";24001921;3;"Да";"Добрынинская";10;9;14;123
"1435";24001867;3;"Да";"Добрынинская";10;9;14;123
"1436";24013157;3;"Да";"Киевская";10;19;32;129
"1437";24013156;3;"Да";"Киевская";10;19;32;129
"1438";24013340;3;"Да";"Серпуховская";10;9;17;114
"1439";24013070;3;"Да";"Киевская";10;10;47;130
"1440";24013071;3;"Да";"Киевская";10;10;47;130
"1441";24008049;1;"Нет";"Киевская";10;46;47;98
"1442";24043747;3;"Нет";"Арбатская";NA;NA;NA;80
"1443";23960904;3;"Нет";"Баррикадная";5;8;11;98
"1444";22310955;4;"Нет";"Парк культуры";8;6;6;101
"1445";23966427;3;"Да";"Курская";NA;5;9;114
"1446";24013059;2;"Да";"Киевская";10;47;47;99
"1447";20513638;3;"Нет";"Пушкинская";NA;4;7;85
"1448";23229671;3;"Нет";"Киевская";NA;6;24;105
"1449";24001868;3;"Да";"Добрынинская";10;9;14;116
"1450";24001922;3;"Да";"Добрынинская";10;9;14;116
"1451";24007228;3;"Да";"Добрынинская";10;9;14;116
"1452";24013352;4;"Да";"Добрынинская";10;3;17;134
"1453";24013351;4;"Да";"Добрынинская";10;3;17;134
"1454";23805691;4;"Нет";"Чистые пруды";7;2;3;163
"1455";24001958;3;"Да";"Октябрьская";10;9;14;116
"1456";24013297;2;"Да";"Октябрьская";10;5;17;106
"1457";24005224;2;"Да";"Серпуховская";10;5;14;106
"1458";24001854;2;"Да";"Добрынинская";10;5;14;106
"1459";24001908;2;"Да";"Добрынинская";10;5;14;106
"1460";24001947;2;"Да";"Октябрьская";10;5;14;106
"1461";24007218;2;"Да";"Добрынинская";10;5;14;106
"1462";24013296;2;"Да";"Октябрьская";10;5;17;106
"1463";24001813;3;"Да";"Добрынинская";10;5;14;106
"1464";24013159;3;"Да";"Киевская";10;18;32;114
"1465";24013158;3;"Да";"Киевская";10;18;32;114
"1466";24001615;4;"Да";"Октябрьская";10;4;13;135
"1467";24001872;4;"Да";"Добрынинская";10;4;14;135
"1468";24001926;4;"Да";"Добрынинская";10;4;14;135
"1469";24007229;4;"Да";"Добрынинская";10;4;14;135
"1470";24008664;3;"Да";"Добрынинская";10;10;12;130
"1471";24001828;3;"Да";"Серпуховская";10;10;17;130
"1472";24007226;3;"Да";"Добрынинская";10;10;14;130
"1473";24001869;3;"Да";"Добрынинская";10;10;14;130
"1474";24001923;3;"Да";"Добрынинская";10;10;14;130
"1475";24001959;3;"Да";"Октябрьская";10;10;14;130
"1476";24005268;3;"Да";"Серпуховская";10;10;14;130
"1477";24013341;3;"Да";"Добрынинская";10;9;17;118
"1478";24001960;3;"Да";"Октябрьская";10;9;14;117
"1479";23852560;2;"Нет";"Таганская";7;2;9;90
"1480";24002134;3;"Нет";"Киевская";10;5;10;116
"1481";24002133;3;"Нет";"Киевская";10;5;10;116
"1482";24002136;3;"Нет";"Киевская";10;5;10;116
"1483";24002135;3;"Нет";"Киевская";10;5;10;116
"1484";24002421;3;"Нет";"Киевская";10;5;10;116
"1485";24002422;3;"Нет";"Киевская";10;5;10;116
"1486";24013162;3;"Да";"Киевская";10;5;32;117
"1487";24013163;3;"Да";"Киевская";10;5;32;117
"1488";24002424;3;"Нет";"Киевская";10;1;10;151
"1489";24002423;3;"Нет";"Киевская";10;1;10;151
"1490";24002426;3;"Нет";"Киевская";10;1;10;151
"1491";24002425;3;"Нет";"Киевская";10;1;10;151
"1492";24002140;3;"Нет";"Киевская";10;1;10;151
"1493";24002137;3;"Нет";"Киевская";10;1;10;151
"1494";24013164;3;"Да";"Киевская";10;1;32;152
"1495";24002139;3;"Нет";"Киевская";10;1;10;151
"1496";24002138;3;"Нет";"Киевская";10;1;10;151
"1497";24013161;2;"Да";"Киевская";10;28;32;103
"1498";24006225;3;"Да";"Октябрьская";10;11;12;120
"1499";24002944;3;"Да";"Серпуховская";10;11;12;120
"1500";24001961;3;"Да";"Октябрьская";10;11;14;121
"1501";24002037;3;"Да";"Добрынинская";10;11;13;120
"1502";24002061;3;"Да";"Октябрьская";10;11;14;120
"1503";24002062;3;"Да";"Октябрьская";10;11;14;120
"1504";24001925;3;"Да";"Добрынинская";10;11;14;120
"1505";24006430;3;"Нет";"Серпуховская";10;11;12;120
"1506";24001590;3;"Да";"Октябрьская";10;11;13;120
"1507";24005269;3;"Да";"Серпуховская";10;11;14;121
"1508";24007237;3;"Да";"Добрынинская";10;11;14;120
"1509";24007236;3;"Да";"Добрынинская";10;11;14;120
"1510";24042905;3;"Нет";"Таганская";NA;2;7;89
"1511";24003501;3;"Нет";"Октябрьская";10;11;12;121
"1512";24001871;3;"Да";"Добрынинская";10;11;14;120
"1513";24003462;3;"Да";"Октябрьская";10;11;12;120
"1514";24003796;3;"Да";"Октябрьская";10;11;12;120
"1515";24001832;3;"Да";"Серпуховская";10;11;17;120
"1516";24007231;3;"Да";"Добрынинская";10;5;14;135
"1517";24001870;3;"Да";"Добрынинская";10;5;14;135
"1518";24001924;3;"Да";"Добрынинская";10;5;14;135
"1519";24013165;3;"Да";"Киевская";10;3;32;152
"1520";24042544;4;"Нет";"Арбатская";NA;1;5;88
"1521";24011119;3;"Нет";"Киевская";10;31;47;122
"1522";24013072;3;"Да";"Киевская";10;31;47;122
"1523";22893633;4;"Нет";"Киевская";7;5;22;136
"1524";24001963;3;"Да";"Октябрьская";10;9;14;124
"1525";24005270;3;"Да";"Серпуховская";10;9;14;124
"1526";24013129;3;"Да";"Киевская";10;4;7;148
"1527";23686653;7;"Нет";"Смоленская";12;2;4;172
"1528";24013130;3;"Да";"Киевская";10;6;7;150
"1529";24013131;3;"Да";"Киевская";10;6;7;150
"1530";22123033;3;"Нет";"Краснопресненская";10;7;11;118
"1531";24042917;3;"Нет";"Баррикадная";7;9;12;124
"1532";23175019;4;"Нет";"Маяковская";2;5;7;118
"1533";23448699;4;"Нет";"Смоленская";5;2;5;116
"1534";23448700;4;"Нет";"Кропоткинская";5;2;5;116
"1535";23175021;5;"Нет";"Маяковская";2;5;7;118
"1536";24031969;5;"Нет";"Сухаревская";5;5;8;136
"1537";24013061;2;"Да";"Киевская";10;46;47;99
"1538";24013060;2;"Да";"Киевская";10;46;47;99
"1539";24013062;2;"Да";"Киевская";10;38;47;109
"1540";24013074;3;"Да";"Киевская";10;38;47;109
"1541";24011121;3;"Нет";"Киевская";10;38;47;108
"1542";24013073;3;"Да";"Киевская";10;38;47;109
"1543";24013353;4;"Да";"Серпуховская";10;10;17;138
"1544";24013342;3;"Да";"Серпуховская";10;9;17;124
"1545";24013343;3;"Да";"Серпуховская";10;9;17;124
"1546";23992593;2;"Нет";"Парк культуры";10;5;7;92
"1547";23149751;3;"Нет";"Киевская";NA;5;52;116
"1548";24005271;3;"Да";"Серпуховская";10;11;14;117
"1549";24013132;3;"Да";"Киевская";10;9;7;152
"1550";24013133;3;"Да";"Киевская";10;9;7;152
"1551";24002445;2;"Нет";"Киевская";10;46;47;98
"1552";24001789;2;"Нет";"Киевская";10;46;47;98
"1553";24001756;2;"Нет";"Киевская";10;45;49;98
"1554";24002365;2;"Нет";"Киевская";10;45;49;98
"1555";24001788;2;"Нет";"Киевская";10;46;47;98
"1556";24001787;2;"Нет";"Киевская";10;46;47;98
"1557";24002442;2;"Нет";"Киевская";10;46;47;98
"1558";24002443;2;"Нет";"Киевская";10;46;47;98
"1559";24002444;2;"Нет";"Киевская";10;46;47;98
"1560";24013168;3;"Да";"Киевская";10;22;32;146
"1561";24013167;3;"Да";"Киевская";10;22;32;146
"1562";24013354;4;"Да";"Добрынинская";10;5;17;139
"1563";21385515;2;"Нет";"Новокузнецкая";10;7;7;75
"1564";23859275;2;"Нет";"Маяковская";10;17;20;102
"1565";23949607;3;"Нет";"Лубянка";3;5;8;100
"1566";24014077;3;"Нет";"Сухаревская";5;5;5;110
"1567";23796453;3;"Да";"Октябрьская";5;17;29;131
"1568";23509042;4;"Нет";"Трубная";5;4;7;120
"1569";24043379;4;"Нет";"Менделеевская";NA;4;17;170
"1570";23796454;4;"Да";"Октябрьская";5;17;29;131
"1571";24003799;4;"Да";"Октябрьская";10;4;12;135
"1572";21774594;5;"Нет";"Смоленская";10;6;6;177
"1573";23128456;5;"Нет";"Сухаревская";5;5;8;150
"1574";23455308;5;"Нет";"Арбатская";10;3;6;148
"1575";23721064;5;"Нет";"Красные Ворота";3;6;7;154
"1576";24042943;5;"Нет";"Чистые пруды";5;1;6;170
"1577";24001834;4;"Да";"Серпуховская";10;4;17;135
"1578";24001964;4;"Да";"Октябрьская";10;4;18;136
"1579";24013170;3;"Да";"Киевская";10;20;32;133
"1580";24013169;3;"Да";"Киевская";10;20;32;133
"1581";23966434;3;"Да";"Курская";NA;5;9;122
"1582";24006247;3;"Да";"Октябрьская";10;10;12;137
"1583";24001962;3;"Да";"Октябрьская";10;5;14;135
"1584";23992072;3;"Да";"Октябрьская";10;7;14;83
"1585";24001592;3;"Да";"Октябрьская";10;10;12;137
"1586";24008668;3;"Да";"Добрынинская";10;10;12;137
"1587";24002036;3;"Да";"Октябрьская";10;10;12;137
"1588";24003503;4;"Да";"Октябрьская";10;10;12;138
"1589";24003464;4;"Нет";"Октябрьская";10;10;12;137
"1590";24001873;4;"Да";"Добрынинская";10;10;14;137
"1591";24003463;4;"Да";"Октябрьская";10;10;12;137
"1592";24001835;4;"Да";"Серпуховская";10;10;17;137
"1593";24003798;4;"Да";"Октябрьская";10;10;12;137
"1594";24006431;4;"Нет";"Серпуховская";10;10;12;137
"1595";24002948;4;"Да";"Серпуховская";10;10;12;137
"1596";24007238;4;"Да";"Добрынинская";10;10;14;137
"1597";24002063;4;"Да";"Октябрьская";10;10;14;137
"1598";24001927;4;"Да";"Добрынинская";10;10;14;137
"1599";24001965;4;"Да";"Октябрьская";10;10;14;138
"1600";24013345;3;"Да";"Добрынинская";10;4;17;135
"1601";24013344;3;"Да";"Добрынинская";10;4;17;135
"1602";24013356;4;"Да";"Серпуховская";10;3;17;145
"1603";24013355;4;"Да";"Серпуховская";10;3;17;145
"1604";24003858;4;"Да";"Октябрьская";10;3;12;146
"1605";24013171;3;"Да";"Киевская";10;9;32;155
"1606";24013346;3;"Да";"Серпуховская";10;11;17;117
"1607";24013347;3;"Да";"Серпуховская";10;11;17;117
"1608";24006248;4;"Да";"Октябрьская";10;6;12;148
"1609";24008669;4;"Да";"Добрынинская";10;6;12;148
"1610";24006432;4;"Нет";"Серпуховская";10;6;12;148
"1611";24031891;8;"Нет";"Пушкинская";3;5;6;170
"1612";24031892;8;"Нет";"Тверская";3;5;6;170
"1613";24042802;3;"Нет";"Чистые пруды";NA;1;10;105
"1614";24013075;3;"Да";"Киевская";10;32;47;121
"1615";24011123;3;"Нет";"Киевская";10;32;47;120
"1616";24001831;4;"Да";"Серпуховская";10;4;14;145
"1617";24001874;4;"Да";"Добрынинская";10;4;14;145
"1618";24001616;4;"Да";"Октябрьская";10;4;13;145
"1619";24007227;4;"Да";"Добрынинская";10;4;14;145
"1620";24001966;4;"Да";"Октябрьская";10;4;18;145
"1621";24001928;4;"Да";"Добрынинская";10;4;14;145
"1622";24013358;4;"Да";"Добрынинская";10;4;17;136
"1623";24013357;4;"Да";"Добрынинская";10;4;17;136
"1624";24013359;4;"Да";"Серпуховская";10;3;17;144
"1625";24011124;3;"Нет";"Киевская";10;33;47;120
"1626";23961007;5;"Нет";"Арбатская";5;4;5;123
"1627";24013076;3;"Да";"Киевская";10;33;47;121
"1628";24042522;2;"Нет";"Цветной бульвар";5;4;6;89
"1629";24043105;2;"Нет";"Маяковская";NA;9;16;115
"1630";21248350;4;"Нет";"Лубянка";5;5;8;105
"1631";24013348;3;"Да";"Добрынинская";10;8;17;126
"1632";24013349;3;"Да";"Добрынинская";10;8;17;126
"1633";23993650;2;"Да";"Парк культуры";10;5;6;99
"1634";24001875;4;"Да";"Добрынинская";10;3;14;154
"1635";24007230;4;"Да";"Добрынинская";10;3;14;154
"1636";24001929;4;"Да";"Добрынинская";10;3;14;154
"1637";22767450;8;"Нет";"Чистые пруды";3;2;7;211
"1638";23771700;3;"Нет";"Проспект Мира";2;2;14;111
"1639";24013350;3;"Да";"Серпуховская";10;5;17;135
"1640";23992563;2;"Нет";"Новокузнецкая";10;7;10;99
"1641";23993633;2;"Да";"Новокузнецкая";10;7;10;99
"1642";23992989;2;"Да";"Парк культуры";10;5;7;101
"1643";24013172;3;"Да";"Киевская";10;22;32;141
"1644";24001967;4;"Да";"Октябрьская";10;3;14;154
"1645";24001968;4;"Да";"Октябрьская";10;9;14;133
"1646";24043496;3;"Нет";"Таганская";10;6;16;124
"1647";24037650;4;"Нет";"Китай-город";3;4;6;128
"1648";23878360;4;"Нет";"Курская";12;3;6;141
"1649";24013134;3;"Да";"Киевская";10;6;7;151
"1650";24001931;4;"Да";"Добрынинская";10;9;14;132
"1651";24001876;4;"Да";"Добрынинская";10;9;14;132
"1652";24007232;4;"Да";"Добрынинская";10;9;14;132
"1653";24007233;4;"Да";"Добрынинская";10;9;14;132
"1654";24002126;3;"Нет";"Киевская";10;6;10;150
"1655";24002127;3;"Нет";"Киевская";10;6;10;150
"1656";24002125;3;"Нет";"Киевская";10;6;10;150
"1657";24002124;3;"Нет";"Киевская";10;6;10;150
"1658";24011140;4;"Нет";"Киевская";10;32;47;144
"1659";24013081;4;"Да";"Киевская";10;32;47;145
"1660";24013082;4;"Да";"Киевская";10;32;47;145
"1661";24001833;3;"Да";"Серпуховская";10;5;17;135
"1662";24011433;2;"Нет";"Чистые пруды";10;2;10;106
"1663";23994409;3;"Нет";"Третьяковская";10;1;3;106
"1664";23994417;3;"Нет";"Третьяковская";10;1;3;106
"1665";24043362;5;"Нет";"Смоленская";10;3;6;131
"1666";24013360;4;"Да";"Добрынинская";10;9;17;133
"1667";24013361;4;"Да";"Добрынинская";10;9;17;133
"1668";23718645;3;"Нет";"Цветной бульвар";5;2;8;116
"1669";23963943;4;"Нет";"Смоленская";5;5;11;160
"1670";24043734;5;"Нет";"Чистые пруды";7;4;6;118
"1671";24013135;3;"Да";"Киевская";10;9;7;148
"1672";24013136;3;"Да";"Киевская";10;9;7;148
"1673";23826330;4;"Нет";"Боровицкая";10;8;10;100
"1674";23834718;4;"Нет";"Библиотека им. Ленина";10;8;10;102
"1675";23991837;4;"Нет";"Кропоткинская";10;9;10;102
"1676";21455668;3;"Нет";"Маяковская";NA;3;5;126
"1677";23805690;6;"Нет";"Чистые пруды";5;2;NA;197
"1678";24042963;6;"Нет";"Кузнецкий Мост";5;2;5;190
"1679";24013137;3;"Да";"Киевская";10;4;7;152
"1680";23808450;4;"Нет";"Таганская";12;4;10;198
"1681";23808456;4;"Нет";"Таганская";5;3;NA;170
"1682";23878230;4;"Нет";"Таганская";5;3;31;198
"1683";23808454;5;"Нет";"Таганская";7;4;NA;198
"1684";23927146;5;"Нет";"Таганская";7;4;NA;198
"1685";23993651;3;"Да";"Парк культуры";10;3;6;118
"1686";24011432;2;"Нет";"Чистые пруды";10;3;10;100
"1687";24013174;3;"Да";"Киевская";10;7;32;152
"1688";21245322;3;"Нет";"Киевская";20;10;10;154
"1689";24043428;4;"Нет";"Кропоткинская";NA;2;10;100
"1690";23951746;4;"Нет";"Курская";5;7;7;127
"1691";23606977;7;"Нет";"Чистые пруды";15;4;4;200
"1692";24013184;4;"Да";"Киевская";10;13;32;160
"1693";24001932;4;"Да";"Октябрьская";10;6;14;154
"1694";24001877;4;"Да";"Октябрьская";10;6;14;154
"1695";24007234;4;"Да";"Октябрьская";10;6;14;154
"1696";24043087;2;"Нет";"Маяковская";NA;NA;NA;85
"1697";24043248;3;"Нет";"Таганская";NA;4;8;128
"1698";24013175;3;"Да";"Киевская";10;12;32;140
"1699";24013363;4;"Да";"Серпуховская";10;5;17;146
"1700";24013362;4;"Да";"Серпуховская";10;5;17;146
"1701";24002143;3;"Нет";"Киевская";10;24;30;153
"1702";24002141;3;"Нет";"Киевская";10;24;30;153
"1703";24002142;3;"Нет";"Киевская";10;24;30;153
"1704";24002428;3;"Нет";"Киевская";10;24;30;153
"1705";24002429;3;"Нет";"Киевская";10;24;30;153
"1706";24002427;3;"Нет";"Киевская";10;24;30;153
"1707";24002144;3;"Нет";"Киевская";10;24;30;153
"1708";24013176;3;"Да";"Киевская";10;6;32;156
"1709";23878585;3;"Нет";"Пушкинская";NA;3;8;100
"1710";24001969;4;"Да";"Октябрьская";10;6;14;154
"1711";24043724;2;"Нет";"Тверская";NA;2;2;70
"1712";24043681;4;"Нет";"Киевская";NA;7;15;110
"1713";23745093;2;"Нет";"Новослободская";NA;17;21;137
"1714";24013180;3;"Да";"Киевская";10;4;32;157
"1715";24042767;3;"Нет";"Октябрьская";NA;14;16;90
"1716";23818047;8;"Нет";"Пушкинская";5;3;6;190
"1717";24013181;3;"Да";"Киевская";10;16;32;139
"1718";24008224;4;"Да";"Киевская";10;18;47;154
"1719";23455531;5;"Нет";"Чистые пруды";NA;5;6;152
"1720";24013177;3;"Да";"Киевская";10;29;32;135
"1721";24013364;4;"Да";"Добрынинская";10;5;17;154
"1722";23993661;3;"Да";"Чкаловская";10;7;9;149
"1723";23784983;1;"Да";"Парк культуры";NA;6;6;75
"1724";23994378;3;"Да";"Новокузнецкая";10;3;5;122
"1725";23995395;1;"Нет";"Арбатская";10;2;6;73
"1726";23995396;1;"Нет";"Арбатская";10;2;6;73
"1727";20517243;1;"Нет";"Арбатская";NA;2;6;73
"1728";20570070;2;"Нет";"Александровский сад";NA;2;5;85
"1729";24011430;2;"Нет";"Чистые пруды";10;7;10;99
"1730";23995338;5;"Нет";"Арбатская";10;3;6;130
"1731";23995339;5;"Нет";"Арбатская";10;3;6;130
"1732";24008098;5;"Нет";"Арбатская";10;3;6;130
"1733";24042857;3;"Нет";"Киевская";NA;6;15;110
"1734";20516632;3;"Нет";"Новослободская";NA;10;10;130
"1735";23993613;3;"Да";"Киевская";10;6;15;110
"1736";24042877;4;"Нет";"Курская";10;5;10;144
"1737";23966429;3;"Да";"Курская";NA;5;9;146
"1738";20759259;4;"Нет";"Проспект Мира";2;12;14;152
"1739";22286400;5;"Нет";"Чистые пруды";2;6;8;137
"1740";24001792;2;"Нет";"Киевская";10;10;10;140
"1741";24001790;2;"Нет";"Киевская";10;10;10;140
"1742";24001757;2;"Нет";"Киевская";10;15;15;140
"1743";24001791;2;"Нет";"Киевская";10;10;10;140
"1744";24002447;2;"Нет";"Киевская";10;10;10;140
"1745";24002448;2;"Нет";"Киевская";10;10;10;140
"1746";24002364;2;"Нет";"Киевская";10;15;15;140
"1747";24002446;2;"Нет";"Киевская";10;10;10;140
"1748";24042868;3;"Нет";"Боровицкая";5;6;9;124
"1749";21221601;2;"Нет";"Смоленская";5;8;15;75
"1750";23784985;3;"Да";"Маяковская";NA;8;12;112
"1751";23966430;3;"Да";"Курская";NA;5;9;148
"1752";24013083;4;"Да";"Киевская";10;30;47;175
"1753";24011141;4;"Нет";"Киевская";10;30;47;134
"1754";23723907;4;"Нет";"Кропоткинская";5;1;6;135
"1755";23967406;3;"Да";"Курская";NA;5;9;149
"1756";23744745;4;"Нет";"Кропоткинская";3;4;5;125
"1757";24010685;4;"Нет";"Кузнецкий Мост";10;4;17;184
"1758";24042698;4;"Нет";"Третьяковская";NA;5;5;101
"1759";24043499;4;"Нет";"Арбатская";5;4;6;125
"1760";23175010;4;"Нет";"Таганская";5;4;9;160
"1761";24043297;4;"Нет";"Киевская";NA;4;8;110
"1762";23644388;5;"Нет";"Проспект Мира";5;12;NA;152
"1763";20513748;6;"Нет";"Арбатская";NA;7;11;155
"1764";24011247;6;"Нет";"Проспект Мира";10;4;6;175
"1765";24042752;3;"Нет";"Третьяковская";NA;2;6;176
"1766";24011144;4;"Нет";"Киевская";10;26;47;164
"1767";24013084;4;"Да";"Киевская";10;26;47;165
"1768";24042688;3;"Нет";"Новослободская";NA;9;16;106
"1769";24013365;4;"Да";"Серпуховская";10;9;17;155
"1770";24011434;2;"Нет";"Чистые пруды";10;8;10;107
"1771";21767817;3;"Нет";"Смоленская";3;7;9;108
"1772";22050531;3;"Нет";"Кропоткинская";10;10;10;140
"1773";24008083;3;"Да";"Таганская";10;4;5;121
"1774";24043500;5;"Нет";"Кропоткинская";NA;5;5;NA
"1775";20513674;4;"Нет";"Чистые пруды";NA;2;5;152
"1776";20752611;4;"Нет";"Цветной бульвар";NA;2;7;160
"1777";24042689;2;"Нет";"Чистые пруды";10;8;9;107
"1778";24008080;3;"Да";"Третьяковская";10;2;3;123
"1779";20514466;1;"Нет";"Краснопресненская";NA;22;22;106
"1780";23994380;4;"Да";"Новокузнецкая";10;3;5;132
"1781";23994381;4;"Да";"Новокузнецкая";10;3;5;132
"1782";24042951;4;"Нет";"Маяковская";10;11;17;122
"1783";22572824;3;"Нет";"Маяковская";5;2;10;114
"1784";24013652;3;"Нет";"Китай-город";10;3;5;110
"1785";23852913;3;"Да";"Курская";10;7;9;148
"1786";23534542;5;"Нет";"Красные Ворота";10;6;6;125
"1787";23744804;5;"Нет";"Кропоткинская";10;4;4;248
"1788";23961306;5;"Нет";"Киевская";5;35;42;176
"1789";24013085;4;"Да";"Киевская";10;12;47;176
"1790";24013086;4;"Да";"Киевская";10;12;47;176
"1791";23806274;4;"Нет";"Киевская";20;18;50;154
"1792";22167034;2;"Нет";"Пушкинская";NA;3;7;67
"1793";24011232;4;"Нет";"Киевская";10;42;47;160
"1794";24013088;4;"Да";"Киевская";10;42;47;160
"1795";24013087;4;"Да";"Киевская";10;42;47;160
"1796";24013188;4;"Да";"Киевская";10;16;32;181
"1797";24013187;4;"Да";"Киевская";10;16;32;181
"1798";20514327;3;"Нет";"Чистые пруды";NA;2;6;135
"1799";23861336;5;"Нет";"Пушкинская";10;3;5;187
"1800";24027242;5;"Нет";"Киевская";5;2;NA;225
"1801";24042806;3;"Нет";"Сухаревская";NA;NA;NA;130
"1802";20513634;3;"Нет";"Парк культуры";NA;3;4;127
"1803";23966433;3;"Да";"Курская";NA;5;9;158
"1804";23992987;3;"Да";"Парк культуры";10;4;6;139
"1805";23798353;3;"Нет";"Маяковская";5;3;11;174
"1806";24031774;4;"Нет";"Александровский сад";NA;9;11;120
"1807";23993742;2;"Да";"Парк культуры";10;6;6;130
"1808";24002394;2;"Нет";"Киевская";10;49;49;99
"1809";24002395;2;"Нет";"Киевская";10;49;49;99
"1810";24002397;2;"Нет";"Киевская";10;49;49;99
"1811";24002095;2;"Нет";"Киевская";10;49;49;99
"1812";24002094;2;"Нет";"Киевская";10;49;49;99
"1813";24002093;2;"Нет";"Киевская";10;49;49;99
"1814";24002393;2;"Нет";"Киевская";10;49;49;99
"1815";24002392;2;"Нет";"Киевская";10;49;49;99
"1816";24002092;2;"Нет";"Киевская";10;49;49;99
"1817";24013063;2;"Да";"Киевская";10;49;47;100
"1818";24013064;2;"Да";"Киевская";10;49;47;100
"1819";20759275;2;"Нет";"Полянка";2;3;10;72
"1820";24043530;4;"Нет";"Новокузнецкая";NA;5;5;188
"1821";24013189;4;"Да";"Киевская";10;9;32;196
"1822";24013566;3;"Нет";"Чистые пруды";10;3;5;110
"1823";24043261;3;"Нет";"Новокузнецкая";5;3;6;125
"1824";23876379;4;"Нет";"Павелецкая";10;5;8;195
"1825";23923279;4;"Нет";"Киевская";10;21;48;210
"1826";23426421;5;"Нет";"Арбатская";5;2;2;133
"1827";24042367;5;"Нет";"Чистые пруды";8;1;2;150
"1828";24013089;4;"Да";"Киевская";10;21;47;210
"1829";23992583;3;"Нет";"Новокузнецкая";10;7;7;123
"1830";20516971;4;"Нет";"Чистые пруды";NA;6;6;160
"1831";23864465;3;"Нет";"Киевская";7;3;17;126
"1832";23966435;3;"Да";"Курская";NA;5;9;165
"1833";23966431;3;"Да";"Курская";NA;7;9;146
"1834";21531113;3;"Нет";"Тверская";NA;2;7;110
"1835";23315180;4;"Нет";"Киевская";20;45;50;160
"1836";22916324;3;"Нет";"Маяковская";5;2;10;125
"1837";24043507;4;"Нет";"Маяковская";NA;5;13;140
"1838";24013091;4;"Да";"Киевская";10;31;47;180
"1839";24013090;4;"Да";"Киевская";10;31;47;180
"1840";24043583;2;"Нет";"Смоленская";NA;10;11;100
"1841";23992592;3;"Нет";"Парк культуры";10;5;7;135
"1842";23993654;3;"Да";"Парк культуры";10;5;7;135
"1843";20759105;3;"Нет";"Цветной бульвар";5;5;6;106
"1844";23745094;4;"Нет";"Новослободская";NA;17;21;167
"1845";24013183;3;"Да";"Киевская";10;22;32;154
"1846";24013182;3;"Да";"Киевская";10;22;32;154
"1847";23233324;3;"Нет";"Пушкинская";5;3;5;125
"1848";20842492;4;"Нет";"Маяковская";NA;4;6;100
"1849";23992562;3;"Нет";"Новокузнецкая";10;8;10;130
"1850";24013366;5;"Да";"Серпуховская";10;3;17;205
"1851";24013092;5;"Да";"Киевская";10;33;47;175
"1852";24043394;3;"Нет";"Белорусская";NA;13;14;123
"1853";23408674;3;"Нет";"Смоленская";5;8;16;116
"1854";23992582;3;"Нет";"Новокузнецкая";10;7;10;135
"1855";23993634;2;"Да";"Новокузнецкая";10;5;10;137
"1856";24043271;3;"Нет";"Белорусская";NA;8;14;125
"1857";22075701;3;"Нет";"Новослободская";5;8;8;134
"1858";22625967;3;"Нет";"Чистые пруды";5;2;10;156
"1859";23852914;4;"Да";"Курская";10;9;9;140
"1860";23829918;3;"Да";"Новослободская";10;9;10;126
"1861";22961332;4;"Нет";"Пушкинская";NA;6;6;170
"1862";24042550;4;"Нет";"Новослободская";NA;9;15;140
"1863";24011438;3;"Нет";"Чистые пруды";10;4;10;146
"1864";24008070;3;"Да";"Новослободская";10;9;10;128
"1865";23829915;3;"Да";"Новослободская";10;9;10;128
"1866";24013096;5;"Да";"Киевская";10;3;47;240
"1867";20752592;3;"Нет";"Маяковская";NA;9;10;128
"1868";23966436;3;"Да";"Курская";NA;7;9;158
"1869";24013093;5;"Да";"Киевская";10;1;47;225
"1870";23862018;3;"Нет";"Арбатская";5;7;8;98
"1871";23771702;4;"Нет";"Курская";10;7;8;130
"1872";24013192;4;"Да";"Киевская";10;26;32;164
"1873";24013191;4;"Да";"Киевская";10;26;32;164
"1874";20516556;5;"Нет";"Арбатская";NA;7;11;124
"1875";22582527;4;"Нет";"Смоленская";NA;12;15;167
"1876";24008074;3;"Да";"Новослободская";10;9;10;129
"1877";24002950;5;"Да";"Серпуховская";10;5;11;206
"1878";24001933;4;"Да";"Октябрьская";10;5;14;205
"1879";24007235;4;"Да";"Октябрьская";10;5;14;205
"1880";24001878;4;"Да";"Октябрьская";10;5;14;205
"1881";21168465;3;"Нет";"Новослободская";5;9;9;129
"1882";22143253;4;"Нет";"Таганская";NA;2;7;168
"1883";24008141;4;"Да";"Таганская";10;2;7;168
"1884";24043349;5;"Нет";"Чистые пруды";5;2;4;202
"1885";21462339;2;"Нет";"Новослободская";10;19;21;137
"1886";21462338;2;"Нет";"Новослободская";10;19;21;137
"1887";23992564;3;"Нет";"Новокузнецкая";10;7;9;139
"1888";23806275;4;"Нет";"Киевская";20;13;50;183
"1889";24043077;4;"Нет";"Пушкинская";NA;4;7;135
"1890";24042591;4;"Нет";"Таганская";NA;3;70;174
"1891";24013094;4;"Да";"Киевская";10;17;47;200
"1892";23963764;5;"Нет";"Арбатская";5;5;7;172
"1893";23694087;6;"Нет";"Чеховская";3;4;5;150
"1894";21168463;4;"Нет";"Новослободская";5;9;9;136
"1895";24008075;5;"Да";"Новослободская";10;9;10;142
"1896";24001970;5;"Да";"Октябрьская";10;5;14;206
"1897";23300306;4;"Нет";"Новослободская";3;8;9;150
"1898";24013190;4;"Да";"Киевская";10;10;32;214
"1899";23993652;3;"Да";"Парк культуры";10;4;6;152
"1900";24043673;3;"Нет";"Чистые пруды";NA;7;10;137
"1901";23430593;3;"Нет";"Маяковская";5;4;10;131
"1902";24013368;6;"Да";"Серпуховская";10;5;17;215
"1903";20513747;5;"Нет";"Арбатская";NA;5;7;143
"1904";20752613;5;"Нет";"Цветной бульвар";NA;4;7;180
"1905";24042921;4;"Нет";"Чистые пруды";NA;NA;NA;162
"1906";23989101;4;"Нет";"Новокузнецкая";15;2;6;174
"1907";23961338;4;"Да";"Маяковская";NA;6;12;157
"1908";23829917;4;"Да";"Новослободская";10;8;10;151
"1909";20885836;3;"Нет";"Краснопресненская";10;14;15;120
"1910";23993991;5;"Нет";"Пушкинская";10;6;6;200
"1911";23643528;5;"Нет";"Киевская";15;6;NA;185
"1912";20513767;3;"Нет";"Маяковская";NA;17;18;150
"1913";20513658;4;"Нет";"Охотный Ряд";NA;8;8;120
"1914";23881872;4;"Нет";"Таганская";10;3;7;193
"1915";23969004;4;"Да";"Новокузнецкая";NA;2;7;172
"1916";24008072;4;"Да";"Новослободская";10;2;4;179
"1917";24008079;3;"Да";"Третьяковская";10;1;3;155
"1918";23992598;3;"Да";"Парк культуры";10;5;6;152
"1919";24013077;3;"Да";"Киевская";10;45;47;162
"1920";24013078;3;"Да";"Киевская";10;45;47;162
"1921";23994428;3;"Нет";"Третьяковская";10;1;3;145
"1922";24043000;4;"Нет";"Киевская";NA;8;48;240
"1923";24011435;2;"Нет";"Чистые пруды";10;9;10;125
"1924";24042795;2;"Нет";"Смоленская";NA;2;7;119
"1925";21076748;3;"Нет";"Проспект Мира";5;8;12;123
"1926";24042737;3;"Нет";"Белорусская";NA;4;9;111
"1927";24013098;5;"Да";"Киевская";10;6;47;240
"1928";21394937;5;"Нет";"Маяковская";NA;9;9;263
"1929";23994388;3;"Да";"Третьяковская";10;1;5;158
"1930";21160811;3;"Нет";"Смоленская";5;7;15;119
"1931";24043329;4;"Нет";"Белорусская";NA;7;9;178
"1932";24017960;2;"Нет";"Смоленская";7;2;6;117
"1933";20513650;2;"Нет";"Александровский сад";NA;2;5;125
"1934";24043385;4;"Нет";"Арбатская";10;2;9;138
"1935";24043340;5;"Нет";"Баррикадная";NA;13;17;175
"1936";23149785;4;"Нет";"Киевская";NA;6;47;241
"1937";24002398;3;"Нет";"Киевская";10;49;49;121
"1938";24013080;3;"Да";"Киевская";10;49;47;122
"1939";24002401;3;"Нет";"Киевская";10;49;49;121
"1940";24002400;3;"Нет";"Киевская";10;49;49;121
"1941";24002399;3;"Нет";"Киевская";10;49;49;121
"1942";24013079;3;"Да";"Киевская";10;49;47;122
"1943";24002098;3;"Нет";"Киевская";10;49;49;121
"1944";24002099;3;"Нет";"Киевская";10;49;49;121
"1945";24002097;3;"Нет";"Киевская";10;49;49;121
"1946";24002396;3;"Нет";"Киевская";10;49;49;121
"1947";24002096;3;"Нет";"Киевская";10;49;49;121
"1948";24013095;4;"Да";"Киевская";10;12;47;225
"1949";21168469;3;"Нет";"Новослободская";5;3;9;151
"1950";24042732;2;"Нет";"Смоленская";NA;10;12;114
"1951";24011436;3;"Нет";"Чистые пруды";10;8;10;137
"1952";24000292;3;"Нет";"Чистые пруды";10;8;10;137
"1953";24000295;3;"Нет";"Чистые пруды";10;8;10;137
"1954";24001603;3;"Нет";"Чистые пруды";10;9;9;137
"1955";24001799;3;"Нет";"Чистые пруды";10;8;10;137
"1956";24001800;3;"Нет";"Чистые пруды";10;8;10;137
"1957";24001801;3;"Нет";"Чистые пруды";10;8;10;137
"1958";24002011;3;"Нет";"Чистые пруды";10;8;10;137
"1959";24002012;3;"Нет";"Чистые пруды";10;8;10;137
"1960";24002013;3;"Нет";"Чистые пруды";10;8;10;137
"1961";24002014;3;"Нет";"Чистые пруды";10;8;10;137
"1962";24002359;3;"Нет";"Чистые пруды";10;9;9;137
"1963";24002368;3;"Нет";"Чистые пруды";10;8;10;137
"1964";24002369;3;"Нет";"Чистые пруды";10;8;10;137
"1965";24002455;3;"Нет";"Чистые пруды";10;8;10;137
"1966";24002456;3;"Нет";"Чистые пруды";10;8;10;137
"1967";24002464;3;"Нет";"Чистые пруды";10;8;10;137
"1968";20885837;3;"Нет";"Баррикадная";10;5;18;115
"1969";24002433;3;"Нет";"Киевская";10;6;10;156
"1970";24002463;3;"Нет";"Киевская";10;6;10;156
"1971";20759479;4;"Нет";"Смоленская";10;4;8;168
"1972";23075161;4;"Нет";"Кропоткинская";2;3;5;176
"1973";21836411;2;"Нет";"Сретенский бульвар";NA;7;7;170
"1974";23966428;3;"Да";"Курская";NA;9;9;156
"1975";23992561;3;"Нет";"Новокузнецкая";10;6;10;149
"1976";23993629;3;"Да";"Новокузнецкая";10;6;10;149
"1977";24013099;5;"Да";"Киевская";10;7;47;235
"1978";24013100;5;"Да";"Киевская";10;7;47;235
"1979";21418682;3;"Нет";"Пушкинская";8;4;5;165
"1980";23721405;4;"Нет";"Пушкинская";10;3;3;101
"1981";23793161;4;"Нет";"Третьяковская";3;5;7;180
"1982";23641599;4;"Нет";"Проспект Мира";5;12;NA;114
"1983";23794016;5;"Нет";"Охотный Ряд";8;2;8;121
"1984";23455408;7;"Нет";"Новокузнецкая";2;7;8;182
"1985";24013102;5;"Да";"Киевская";10;10;47;224
"1986";24013101;5;"Да";"Киевская";10;10;47;224
"1987";22003537;5;"Нет";"Краснопресненская";5;4;12;175
"1988";24008073;5;"Да";"Новослободская";10;6;10;175
"1989";23648525;4;"Нет";"Киевская";15;15;NA;186
"1990";23992594;4;"Да";"Парк культуры";10;5;6;164
"1991";23993632;3;"Да";"Новокузнецкая";10;7;10;162
"1992";24043210;4;"Нет";"Павелецкая";NA;2;8;135
"1993";23993660;3;"Да";"Чкаловская";10;9;9;169
"1994";24043696;5;"Нет";"Боровицкая";7;8;11;138
"1995";24043607;5;"Нет";"Чистые пруды";NA;2;6;152
"1996";24013198;4;"Да";"Киевская";10;27;32;165
"1997";24013197;4;"Да";"Киевская";10;27;32;165
"1998";23994924;12;"Нет";"Новослободская";10;12;14;534
"1999";23826311;10;"Нет";"Парк культуры";10;7;7;525
"2000";24002450;5;"Нет";"Киевская";10;34;47;241
"2001";24002449;5;"Нет";"Киевская";10;34;47;241
"2002";23993653;4;"Да";"Парк культуры";10;1;6;251
