"пол","возраст","семейное.положение","образование","доход"
"ж",45,"женат","среднее",42.2832011670893
"м",38,"женат","среднее",32.258489253949
NA,24,"вдовец",NA,40.7619191568665
"ж",41,"вдовец","среднее",35.3535628660998
"м",71,"разведен","ср. спец.",46.9866616431417
"ж",29,"женат","высшее",42.5126947761833
NA,32,"женат","среднее",31.8294402523701
"ж",64,"женат","среднее",NA
"ж",28,"холост",NA,27.9166889929389
"ж",62,"женат","среднее",36.7244276586484
"м",34,"женат","среднее",36.5766638074389
"ж",46,"холост","среднее",38.738186671711
"м",NA,"вдовец",NA,62.4163879449079
"ж",61,"разведен","среднее",47.4986735358909
"ж",78,"разведен","среднее",52.6331638242099
"ж",31,"вдовец","высшее",NA
"ж",39,"женат","среднее",43.422869371583
NA,79,"женат","среднее",47.2930705254551
NA,24,"разведен","ср. спец.",28.7686615104139
"ж",48,"женат","среднее",17.6762107182487
"ж",40,"разведен","среднее",NA
"м",48,"разведен","среднее",24.7951271433778
"ж",75,"вдовец","среднее",37.0537711539871
"м",40,"женат","среднее",27.4760634921167
"ж",20,"женат","ср. спец.",17.8398807306951
"ж",25,"женат","среднее",38.7794584969788
"ж",NA,"женат","среднее",55.6322472816268
"ж",56,"женат","ср. спец.",31.8165294152396
"ж",66,"разведен","среднее",NA
"м",24,"разведен","среднее",38.2766221221793
"ж",42,"вдовец","высшее",27
"м",39,"женат","ср. спец.",35.3320430520199
"ж",34,"женат","высшее",NA
"м",NA,"женат","среднее",51.4876498651084
"м",73,"вдовец","среднее",34.1409263791027
"ж",32,"женат","среднее",39.6811947516477
"ж",20,"женат","среднее",NA
"м",79,"разведен","среднее",NA
"ж",35,"разведен","среднее",34.7988372820256
"м",36,"женат",NA,41
"м",67,"разведен","среднее",44
"ж",74,"женат","ср. спец.",52.2996261485828
"м",40,"женат","среднее",34.5241179306783
"ж",35,"женат","ср. спец.",29
"м",63,"женат","ср. спец.",37.9369751389195
"м",69,"разведен","ср. спец.",39.2816782134809
"м",40,"вдовец","среднее",35.8268577016275
"ж",44,"женат",NA,51.688811670209
NA,41,"женат","ср. спец.",26
"м",48,"женат","высшее",30
"м",71,"холост","высшее",43.4317699669108
"м",41,"женат","высшее",37.8355757447242
"м",30,"разведен","среднее",36.6309376867825
NA,30,"женат","ср. спец.",25
"ж",NA,"женат","высшее",43.4178890749658
"м",35,"холост","высшее",41.3665526728119
"ж",76,"женат","среднее",NA
"м",67,"женат","среднее",31.7213195997971
"ж",NA,"разведен","среднее",37.6323368971532
"ж",55,"вдовец","среднее",NA
NA,65,"разведен","ср. спец.",32.9924756391819
"ж",57,"холост","высшее",39
"ж",44,"разведен","высшее",NA
"м",18,"разведен","среднее",48.3604726735057
"ж",39,"вдовец","ср. спец.",38.8213726526189
"м",36,"женат","высшее",43
"м",81,"женат","среднее",55.7400411323291
"ж",25,"женат","высшее",NA
"ж",73,"вдовец","среднее",NA
"м",21,"женат","среднее",27.524851104843
"ж",62,"разведен","высшее",55.1479287972437
"м",36,"разведен","среднее",41.2058544611996
"ж",23,"разведен","высшее",38.8996973067402
"м",40,"разведен","ср. спец.",31.4257473456893
NA,62,"разведен","высшее",24
"м",70,"женат","среднее",45.7305327762872
NA,71,"женат","среднее",38.1519284578096
"м",18,"женат","высшее",44.4747107008779
"ж",40,"вдовец","ср. спец.",29.8854152939428
"ж",NA,"разведен","высшее",44.6793456794955
"м",40,"женат","среднее",32.1977606159796
"м",51,"женат","высшее",47.9578211776549
"ж",64,"разведен","среднее",NA
"м",23,"женат","среднее",20
"м",NA,"женат",NA,52.9722543871728
"м",38,"женат","среднее",48.442689948048
NA,21,"разведен","среднее",30.8092583107883
"м",41,"женат","среднее",34.3424179753529
"ж",24,"женат","среднее",31.5654195328128
"м",55,"холост","среднее",48
"м",79,"женат","среднее",NA
"м",42,"женат","среднее",39.132746052985
"м",74,"холост","ср. спец.",33.1164439420766
"ж",47,"холост","среднее",NA
NA,44,"женат","ср. спец.",48.7328557373223
"ж",49,"разведен","среднее",42.5712032231728
NA,18,"женат","среднее",33.380879307619
NA,24,"женат","среднее",54.4439357505069
"ж",25,"женат","высшее",36.8093008903134
"м",52,"разведен","ср. спец.",42.6976555912939
"ж",NA,"женат",NA,50.0494273401305
"ж",74,"женат","ср. спец.",41.0237221810853
NA,20,"разведен","среднее",40.2172305362375
"м",NA,"женат","среднее",53.3387894315022
"м",23,"вдовец","высшее",37.0334636428216
NA,18,"разведен","среднее",45.7114616545273
"м",56,"вдовец","высшее",40.9202612181355
NA,81,"холост","высшее",46.486865779715
"ж",62,"разведен","среднее",39.6830746980837
"м",23,"вдовец","ср. спец.",29.9201145302274
"ж",46,"женат","среднее",46.4138024997239
"ж",76,"разведен","ср. спец.",NA
"м",36,"вдовец","среднее",38.425059749112
"м",43,"женат","среднее",46.9554867129079
"м",36,"вдовец","среднее",40.500378442868
"ж",24,"разведен","высшее",NA
"ж",18,"женат","высшее",44.7814909832827
NA,29,"вдовец","среднее",41.0439972290026
"м",70,"разведен","ср. спец.",43.5785178779387
"ж",29,"женат","высшее",47
"м",78,"разведен","высшее",41.3093873985038
"ж",NA,"женат","среднее",48.4638492650604
"ж",18,"разведен","среднее",NA
"м",70,"холост","высшее",34.6914774361619
"м",73,"разведен","высшее",46.3633401128134
"ж",48,"разведен","высшее",44.5602177664482
"ж",31,"женат","высшее",NA
"ж",24,"вдовец","среднее",30.6381796201143
NA,35,"вдовец","ср. спец.",37.9263501381026
"м",NA,"женат","среднее",50.3918000232135
"м",25,"женат","среднее",45.0786995493565
"м",66,"разведен","ср. спец.",38.539742490688
"ж",41,"женат","ср. спец.",46.8327655079329
"ж",43,"разведен","высшее",29.0699198081309
"ж",24,"женат",NA,NA
"ж",25,"женат","высшее",31.3119911360577
"м",43,"женат",NA,33.3949563864129
"ж",44,"женат","среднее",42.7483759855915
"м",50,"женат","высшее",44.2610701896778
"ж",60,"холост","высшее",41.7447426319891
"м",NA,"женат","среднее",48.4472996551209
"м",33,"женат","высшее",38
NA,28,"холост","ср. спец.",40.1105504477511
"м",28,"женат","среднее",35.4180125523652
"ж",71,"женат","среднее",43.2182469040185
"ж",NA,"холост","высшее",57.5546666680723
"ж",28,"вдовец","среднее",37.8166982429785
"м",NA,"вдовец","среднее",48.6782406920621
"м",NA,"разведен","среднее",48.6631973443918
"ж",71,"разведен","ср. спец.",NA
"ж",NA,"женат","ср. спец.",44.4417112952973
"ж",27,"вдовец","среднее",47
"ж",23,"холост","среднее",23
"м",47,"холост","высшее",25.7146013737599
"м",25,"женат","ср. спец.",44
"м",33,"разведен","среднее",32.3287023432019
"м",46,"холост","высшее",48
"ж",74,"разведен","высшее",41.1258117947336
"ж",NA,"разведен","среднее",39.5432938669192
"ж",49,"разведен","среднее",28.9548057882301
"ж",78,"разведен","среднее",NA
"м",26,"разведен","высшее",36.5192708000899
"ж",50,"разведен","среднее",52.8043470833855
"ж",30,"женат","высшее",NA
"м",25,"вдовец","высшее",36.047676967778
"ж",35,"женат","высшее",37.2718455761228
"м",NA,"разведен","среднее",57.6619775032016
"ж",58,"разведен","ср. спец.",45.5655253910931
"м",53,"женат","высшее",49.8795730393362
"м",22,"вдовец","высшее",40.8202881173363
"м",58,"женат","ср. спец.",37.3972550470838
"ж",NA,"разведен","высшее",30.6150238719307
"м",65,"женат","ср. спец.",50.8949224118909
"м",26,"разведен","среднее",24
NA,24,"холост","ср. спец.",27
"ж",61,"женат","высшее",NA
"м",54,"вдовец","ср. спец.",42.6824176026979
NA,40,"вдовец","среднее",50.3413134805481
"м",32,"женат","высшее",49.9315747896132
"ж",34,"женат",NA,43.710987378702
"м",67,"женат","высшее",39.3616548328354
"м",24,"женат","среднее",27
"м",47,"женат","среднее",26
"м",40,"разведен","ср. спец.",26.5628833716445
NA,48,"разведен","ср. спец.",31.7779763192463
NA,48,"женат",NA,36.7596011878707
"ж",43,"женат","среднее",39.3893009314069
"м",40,"разведен","среднее",32.37521183806
"м",42,"разведен","высшее",41.9830404627871
"м",62,"женат","высшее",45.4198240974149
NA,61,"разведен","среднее",33.064085678232
"ж",55,"холост","высшее",37.0689148270516
"м",46,"разведен","среднее",35.9488272266312
"ж",28,"вдовец","среднее",NA
"ж",NA,"вдовец","высшее",49.5032778048136
"ж",76,"женат","высшее",NA
"ж",68,"женат","высшее",44.8972354286836
"ж",18,"женат",NA,NA
"ж",50,"женат","среднее",40.7314653279228
"ж",NA,"разведен","среднее",53.9464932843408
"ж",25,"женат","ср. спец.",NA
"ж",74,"холост","среднее",NA
"м",62,"разведен","высшее",NA
"ж",37,"холост","высшее",38.7060617224927
"м",78,"вдовец","высшее",33.2578635549043
"м",43,"разведен",NA,40.7479577831585
"м",24,"разведен","среднее",34.1621785369962
"м",21,"женат","среднее",31.7451217432955
"ж",38,"разведен","среднее",NA
"ж",34,"холост",NA,NA
"ж",48,"женат","среднее",NA
"м",NA,"женат","высшее",50.0617127695285
"ж",NA,"женат","среднее",53.7759755169999
"ж",47,"женат","высшее",NA
"м",NA,"женат","ср. спец.",46.0233499317402
"м",52,"женат","высшее",48.4625501004696
"м",30,"женат","среднее",34.3568446937383
"ж",40,"женат","среднее",34.8175032090736
"м",50,"холост","ср. спец.",48
"ж",76,"разведен","высшее",NA
"ж",45,"холост","высшее",31.6145537499611
"м",28,"женат","высшее",44
"ж",NA,"холост","высшее",44.0430442397664
"м",32,"разведен","ср. спец.",35.1860870984946
"м",28,"вдовец","среднее",39.4453809383585
"м",44,"женат","высшее",25
"м",27,"вдовец","ср. спец.",39.82442487327
"м",34,"вдовец","среднее",37.6312814246526
"ж",48,"женат","высшее",28.1485601665727
"м",63,"разведен","среднее",38.3156687814805
"ж",28,"женат","среднее",46.7540963526859
"ж",35,"женат","среднее",25
NA,47,"женат","среднее",37.8908338850379
NA,36,"разведен","среднее",31.6870445741699
"м",NA,"женат","среднее",51.1852900288948
"ж",30,"женат","ср. спец.",NA
"ж",42,"разведен","среднее",NA
NA,37,"разведен","среднее",45.677272710737
"м",58,"вдовец","среднее",34
"ж",77,"женат","высшее",49.8793049580009
"ж",42,"разведен","среднее",45.4285604237636
"ж",NA,"женат","среднее",47.7069935662503
"м",20,"вдовец","среднее",41.1106389336916
"м",29,"женат","высшее",43.0105712677301
"м",65,"разведен","среднее",32
"м",34,"женат",NA,30.5134062922974
"ж",59,"женат","среднее",38.7065751923881
"м",33,"женат","высшее",42.7512699950041
"ж",NA,"разведен","среднее",43
"м",NA,"разведен","среднее",39.3623484249955
"ж",31,"женат","среднее",46.9531637097298
"ж",52,"женат","среднее",39.9849745572201
"м",33,"разведен","среднее",38.1597772353537
NA,80,"женат","высшее",57.1455064770046
"м",NA,"холост","среднее",50.4285871922725
"ж",50,"вдовец","высшее",NA
"ж",31,"женат","высшее",41.3619302665205
"ж",61,"вдовец","высшее",NA
"ж",56,"женат","среднее",NA
"ж",75,"разведен",NA,43.5608662126971
NA,27,"разведен","среднее",52.47016906776
"ж",58,"женат","среднее",NA
"м",33,"вдовец",NA,43.9356417258665
"ж",60,"женат","среднее",42.1883934549639
"ж",79,"разведен","ср. спец.",NA
"ж",26,"женат","ср. спец.",40.8724682502232
"м",27,"женат","среднее",41.7997907691124
"м",60,"женат","среднее",38.983005127053
"м",35,"женат","среднее",29.7632320221443
"ж",65,"холост","высшее",39.9739760874081
"ж",70,"женат","ср. спец.",NA
"ж",29,"разведен","высшее",33.8164342925415
"ж",47,"разведен","среднее",48.6259977680884
"ж",79,"женат","ср. спец.",NA
"м",80,"женат","среднее",32.4360194723844
"ж",61,"вдовец","среднее",NA
NA,21,"холост","высшее",40.2026264396328
"м",43,"холост","среднее",35.3927141022676
"ж",61,"вдовец","высшее",41.0369998022655
"ж",37,"женат","высшее",38.8343253837235
"м",48,"вдовец","высшее",45.0540259035608
"ж",81,"женат","среднее",NA
"м",48,"женат","среднее",40.5637306517019
NA,45,"женат","среднее",45.0432971129066
"м",35,"женат","высшее",20
"м",NA,"женат","ср. спец.",31.4487074893363
"м",31,"вдовец","среднее",25.9405134529734
"ж",33,"вдовец","среднее",52.2961943641483
"ж",43,"разведен","высшее",NA
"м",63,"женат","среднее",36.9048640255883
"м",23,"разведен","среднее",31.4301220247898
"м",38,"вдовец",NA,39.156129863982
"м",78,"разведен","высшее",57.4328112448238
"ж",42,"женат","среднее",NA
"м",45,"холост","среднее",39.0254772920865
"м",48,"разведен","среднее",37.2385881925326
NA,70,"женат","среднее",48
"ж",52,"женат","высшее",NA
"м",63,"женат",NA,47.3863159534482
NA,NA,"женат","среднее",53.9789980365022
"м",19,"женат",NA,56.4884969341889
"ж",58,"женат","среднее",47.7963594591057
"м",47,"холост","ср. спец.",38
"м",25,"женат","среднее",47.3534130332366
"ж",70,"разведен","ср. спец.",41.9630193760247
"ж",36,"холост","среднее",46.4602165041132
NA,78,"женат","среднее",42.0886777379972
"ж",58,"вдовец","ср. спец.",NA
"м",60,"разведен","ср. спец.",38.3854598724173
NA,44,"женат","высшее",42.7090102775829
"ж",18,"женат",NA,39
"ж",24,"разведен","среднее",43.0954339275969
"ж",60,"холост","среднее",58.8787025201053
"м",50,"женат","среднее",44
"м",46,"вдовец","высшее",44.725670763548
"м",43,"вдовец","среднее",57.9250255221569
"ж",45,"холост","ср. спец.",44
"м",27,"разведен","среднее",27.2103660406886
"ж",42,"женат","высшее",NA
"м",56,"женат","высшее",48.7816703762201
"ж",41,"женат","среднее",46.1075160987221
NA,NA,"женат","среднее",43.8859690382456
NA,52,"холост","ср. спец.",46.1104610284892
NA,55,"вдовец","высшее",41.3035452914719
NA,20,"вдовец","среднее",44.904770650857
"ж",48,"разведен","среднее",46
"ж",42,"женат","ср. спец.",NA
"ж",45,"разведен","высшее",30.0767716012959
"м",32,"вдовец","среднее",39.3664563208041
"м",50,"разведен","высшее",32.3602973619119
"м",69,"женат","среднее",41.902148796993
"м",NA,"женат","среднее",43.5811074755438
"м",58,"женат","среднее",32.9907038074562
"ж",53,"женат","среднее",28.67858167325
"м",61,"женат","среднее",41.1886826672468
"м",21,"женат","среднее",45.1009932052605
"ж",26,"женат","высшее",43
"м",29,"вдовец","высшее",40.1823177187179
NA,29,"женат","среднее",35.0270559026224
"ж",61,"разведен","высшее",30.8839397787367
"ж",29,"женат","высшее",NA
"ж",33,"вдовец","среднее",NA
"м",58,"разведен","высшее",45.8382140575972
"м",30,"холост","высшее",43
"ж",19,"женат","ср. спец.",NA
"м",70,"женат",NA,52.8729826520958
"ж",43,"женат","среднее",44.7978151147367
"ж",28,"разведен","высшее",32.8509264648861
"ж",78,"женат","среднее",NA
"ж",25,"женат","ср. спец.",33.0828058102318
NA,78,"женат","среднее",39.4264246524424
"м",59,"женат","ср. спец.",43.0895141077311
NA,47,"женат","среднее",40.0012069670034
"ж",19,"холост","высшее",46.1363510897461
"м",47,"вдовец","высшее",37.5707308850039
"м",69,"вдовец","среднее",35.9510037431714
"м",24,"разведен","среднее",28.9659646862515
"ж",48,"женат","среднее",49.859603558682
"м",73,"вдовец","высшее",43.0124814836498
"ж",25,"вдовец","среднее",35.6530729816598
"ж",41,"женат","среднее",52.6482119128899
NA,65,"холост","среднее",40.0093748444659
"ж",39,"холост","среднее",NA
"ж",46,"женат","среднее",NA
"ж",52,"разведен","высшее",54.2310117939181
"ж",18,"женат","ср. спец.",44.1753345605749
"ж",78,"женат",NA,NA
"ж",42,"женат","среднее",40.3406191894901
"ж",22,"вдовец","среднее",41.2669465657631
"ж",51,"женат","высшее",NA
"м",75,"женат","высшее",44.5402928113814
"м",27,"женат","среднее",30.0742161063856
"ж",46,"женат","высшее",NA
"ж",71,"женат",NA,NA
"ж",70,"женат","высшее",49.7267019420167
"ж",68,"женат","высшее",NA
NA,56,"женат","среднее",30.1422807362389
"м",27,"женат",NA,44.3891632424758
"м",74,"женат","высшее",32
"м",72,"разведен","среднее",42.4145949912344
"м",43,"разведен","среднее",37.8717947226586
"м",42,"разведен","высшее",36.3042325518696
"ж",26,"вдовец","среднее",32.3940698001223
"ж",44,"холост","среднее",48
NA,31,"женат","среднее",21
"ж",30,"холост","ср. спец.",37.6876204132008
"м",27,"женат",NA,41.3349748541188
"м",NA,"вдовец","высшее",65.3633828320349
NA,44,"разведен","высшее",21
"ж",36,"женат","среднее",NA
"м",80,"женат","ср. спец.",23
"м",80,"женат","высшее",35
"ж",76,"женат","среднее",NA
"м",40,"вдовец","среднее",23
"м",24,"разведен","высшее",40.1860581253705
"м",NA,"женат","среднее",37.4535346585307
"м",72,"холост","ср. спец.",45.9492695590607
NA,52,"женат","высшее",46.3006559242098
"ж",55,"холост","высшее",NA
"м",26,"вдовец",NA,28.3125552493948
"м",70,"разведен",NA,52.377315120952
NA,NA,"холост","ср. спец.",41.855759155423
"ж",NA,"женат","высшее",42.8567618330968
"м",22,"женат",NA,40.3732137568736
"ж",27,"женат","высшее",NA
"м",66,"женат","высшее",42.8434679152275
"ж",NA,"женат","высшее",51.4722140284272
"м",32,"разведен",NA,44.4767809879273
"м",19,"разведен","среднее",NA
"ж",32,"женат","ср. спец.",29.6963453804322
"м",43,"женат","среднее",44.5343640140544
"м",57,"разведен","высшее",38.9877430912694
"м",80,"холост","среднее",50.1198001498378
"м",60,"женат","среднее",41.3071471416388
NA,NA,"женат","высшее",56.1242653151611
"ж",39,"женат","высшее",25.6070025367902
"ж",72,"холост","высшее",41.8927687892987
"ж",48,"вдовец","ср. спец.",29
"ж",38,"холост","среднее",39.3710776613083
"ж",79,"женат","ср. спец.",42.8863488744806
NA,62,"женат","среднее",40.8279093252134
"м",25,"холост","среднее",44.5775365106465
"ж",45,"разведен","ср. спец.",NA
"м",68,"разведен","среднее",52.5437576103027
NA,79,"женат","среднее",50.6813524218839
"ж",21,"женат",NA,42.6629650351643
"ж",NA,"женат","высшее",53.1688084541088
"м",69,"женат","ср. спец.",43.8658339436791
"м",73,"женат","ср. спец.",46.1961042647909
"м",41,"вдовец","среднее",37.8780471432308
"ж",63,"женат","среднее",NA
"м",34,"холост","ср. спец.",NA
NA,25,"женат","высшее",28
"м",58,"женат","высшее",41.2701401795927
NA,22,"женат","высшее",36.064488117846
"м",38,"разведен","высшее",44.0211064107302
"ж",32,"вдовец","ср. спец.",43.0521914029712
"ж",76,"женат","среднее",47.6979540853923
"м",20,"холост","высшее",38.9128013839112
"ж",35,"женат","высшее",32.1265669005035
"ж",49,"женат","высшее",39.2364485502431
"м",20,"вдовец","среднее",32.3481668954323
"м",26,"вдовец","среднее",40.9477889736503
"м",44,"женат","среднее",42.1758625837674
"м",43,"женат","среднее",35
"м",30,"разведен","среднее",21.0339422327446
"ж",44,"вдовец","высшее",48.673692049934
"м",81,"женат","среднее",36.4169949580482
NA,47,"женат","среднее",33.5369047929752
"м",NA,"разведен","среднее",49.0318697104912
"ж",81,"женат","среднее",NA
NA,20,"женат","среднее",40.9812943222931
"ж",45,"вдовец",NA,NA
"м",54,"разведен","среднее",48.0460309493063
"ж",33,"разведен","среднее",43
"м",NA,"женат","среднее",40.5495455524674
"ж",46,"женат","ср. спец.",47.6241383051412
NA,28,"разведен","среднее",39.3929101379662
"ж",52,"женат","высшее",NA
"ж",37,"женат","среднее",NA
"ж",58,"вдовец","среднее",NA
"ж",62,"холост","ср. спец.",NA
"м",73,"женат","среднее",33.9605062976483
"м",20,"разведен","среднее",32.1637150444484
NA,58,"женат","среднее",46.520769898224
"ж",31,"женат",NA,28.4835910576481
"ж",38,"женат","ср. спец.",NA
"м",60,"женат","высшее",39.4583831133365
"м",67,"женат","высшее",45.7881255223243
"м",NA,"разведен","среднее",43.8097695410315
"ж",24,"женат","среднее",NA
"ж",40,"женат","ср. спец.",38.1436442451683
"ж",77,"вдовец",NA,40.6305721901139
"м",72,"холост","среднее",52.276962211595
"м",57,"разведен","высшее",32.998520080818
"м",48,"женат","среднее",26.399919409611
"ж",33,"холост","среднее",36.5975404688798
"м",67,"холост","ср. спец.",30.2228897291702
"м",78,"женат","высшее",44.8457429530906
"м",47,"вдовец","среднее",33.5944069349756
"м",20,"разведен",NA,46.238928421497
"ж",76,"женат","высшее",46.7483139536114
"м",48,"разведен","среднее",38.9906915679362
"м",23,"женат","среднее",44.6692204333805
"ж",27,"женат","высшее",NA
"ж",52,"женат","высшее",45.0782417348416
"ж",74,"разведен",NA,44
"ж",42,"женат","высшее",42
"ж",50,"женат","ср. спец.",NA
"ж",64,"женат","среднее",39.572569598969
NA,26,"женат","среднее",37.3842974852816
"м",25,"разведен","высшее",40
"ж",47,"холост","ср. спец.",39.3351905974054
"ж",NA,"женат","среднее",48.3642711681013
"м",32,"разведен","ср. спец.",37.271618335819
"ж",28,"женат","ср. спец.",40.2466133939848
"ж",33,"женат","ср. спец.",37.6747242782074
"м",33,"женат","высшее",29.8324108845102
"ж",73,"женат","среднее",42
"ж",78,"разведен","высшее",35.9865000873971
"ж",39,"холост","высшее",34.2196983004956
"ж",NA,"женат","среднее",37.9816959935843
"м",22,"женат","среднее",NA
"ж",70,"женат","высшее",NA
"м",65,"женат","ср. спец.",39.1496700213681
"ж",44,"холост","среднее",31
"м",38,"женат","среднее",28.9008794524597
NA,46,"разведен","среднее",46
"м",20,"женат","среднее",38.6826481830092
"м",32,"женат","высшее",46.3784300790538
"м",38,"холост",NA,40.1477630928728
NA,28,"разведен","среднее",36.4764791680604
"ж",67,"женат","среднее",38.1987661124696
"м",22,"женат","высшее",41.742891091186
NA,43,"холост","высшее",23.5218710690494
"ж",52,"женат","среднее",45.9198074083192
"ж",NA,"женат","высшее",50.1774141984531
NA,27,"женат","среднее",28
"м",48,"женат","среднее",23.9645852737144
"м",32,"холост","среднее",39.1296772700868
"ж",31,"вдовец","высшее",35.0346229911222
"м",29,"женат","высшее",53.3018643952741
"ж",38,"женат","среднее",32.8067151184106
"ж",56,"женат","среднее",38.2218410993949
"м",37,"вдовец","высшее",24.7840831950271
"ж",65,"женат",NA,47.1571798921125
"м",48,"разведен","высшее",40.559915968307
"м",42,"женат","среднее",39.279934974842
"ж",19,"женат","высшее",37.4626324760446
"м",NA,"вдовец","высшее",55.5113145402561
"ж",21,"женат","высшее",NA
NA,33,"женат","среднее",28
"ж",61,"разведен",NA,NA
"ж",19,"вдовец","среднее",NA
"м",70,"холост","высшее",35.5679149624052
"ж",46,"разведен","среднее",24
"м",53,"холост",NA,48
"м",29,"женат","ср. спец.",46.5777007152299
"ж",47,"холост","среднее",28.0553839328896
"м",24,"вдовец","среднее",42.6885372689453
NA,41,"вдовец",NA,34.8464880240294
NA,40,"разведен","среднее",33.920589922055
"м",38,"женат","высшее",46.4167409137392
"ж",46,"разведен","среднее",39.5261862218012
"ж",29,"женат","среднее",30.2586417953665
NA,66,"холост","высшее",60.8903892623785
"м",81,"женат","высшее",43.7365169394911
"ж",79,"вдовец","среднее",43.5196829534779
"м",63,"разведен","среднее",47.6410284035041
"ж",40,"разведен","среднее",47.6948067755971
"м",46,"женат","высшее",47.5550958297527
"м",62,"вдовец","высшее",43.567778451996
"ж",NA,"женат","высшее",39.8117343755437
NA,NA,"женат","среднее",58.406288582387
"м",21,"разведен","среднее",37.1562015578443
"ж",18,"холост","среднее",NA
"м",40,"разведен","среднее",40.0198896938553
"ж",75,"женат","ср. спец.",37.568700303421
"м",24,"женат","ср. спец.",37.9212183608049
"м",36,"женат","среднее",48.192943841552
"ж",24,"женат","среднее",NA
"м",64,"разведен","высшее",NA
"ж",27,"холост","среднее",24.6832027999041
"ж",66,"женат","высшее",NA
NA,20,"женат",NA,33.8574568530094
"ж",21,"вдовец",NA,NA
"ж",32,"разведен","ср. спец.",22.5835900965408
"ж",29,"женат","высшее",40.5683943523131
"м",NA,"женат","высшее",45
"м",31,"женат",NA,47.6878781950413
"ж",18,"женат","среднее",57.1657175108673
"м",73,"женат","ср. спец.",41.9221003148592
"м",43,"женат","ср. спец.",34
"ж",30,"женат","ср. спец.",NA
"м",27,"женат","ср. спец.",28.7673769192885
"ж",26,"женат","среднее",23.3598735896585
"м",NA,"разведен","среднее",52.838498244054
"м",32,"разведен","среднее",47.6806267656037
"м",19,"женат","высшее",33
NA,65,"разведен","среднее",42.6985551929543
"ж",37,"женат","среднее",42.8917851892441
"ж",75,"женат","среднее",NA
"м",18,"разведен","среднее",44.494229904897
"ж",40,"разведен","среднее",38.607615302228
"м",66,"разведен","среднее",30.5960638148478
"ж",18,"холост","среднее",37.0370444039762
"ж",41,"женат","среднее",51.3511459395844
"м",35,"женат","высшее",55.9367072807482
"ж",50,"разведен","среднее",40.9843522580234
"ж",40,"женат",NA,NA
"ж",61,"женат","среднее",NA
"ж",36,"вдовец","среднее",24
"ж",46,"разведен",NA,NA
"ж",40,"холост","среднее",38.7682634951882
"ж",43,"разведен","ср. спец.",43.3537734124002
"ж",47,"холост","высшее",38.1202351184171
"м",24,"холост","среднее",35.8760320612327
"м",58,"женат","ср. спец.",45.3640625546521
NA,23,"женат","высшее",27
"ж",32,"женат","среднее",46.4515862093089
"м",49,"разведен","среднее",43.9351037428855
"ж",71,"вдовец","ср. спец.",43.6375369535932
"м",36,"женат","среднее",45.3931691306552
"м",81,"женат","среднее",39.4458185778254
"ж",34,"холост","высшее",38.0503767638373
"м",36,"женат","среднее",52.948984500355
"м",31,"женат","среднее",36.1311271272971
NA,27,"женат","высшее",25
NA,35,"холост","среднее",51.4651210004317
"м",40,"женат","среднее",35.350067812191
"м",26,"разведен","среднее",41.9940771500601
"м",19,"холост","среднее",53.9765587470423
"ж",50,"женат","среднее",NA
"м",38,"женат","высшее",49.1685460545784
NA,29,"разведен","ср. спец.",31.9793062143842
"ж",37,"женат","ср. спец.",NA
"ж",27,"разведен","среднее",NA
"м",44,"разведен",NA,44.8260345170432
"ж",31,"разведен","среднее",37.1455781560322
"м",23,"вдовец","ср. спец.",27.4424062291099
"ж",47,"вдовец","ср. спец.",35.2825871479652
"м",56,"вдовец","ср. спец.",46.1879747362991
"ж",52,"разведен","среднее",NA
"ж",41,"разведен","высшее",NA
"ж",73,"холост","среднее",33
"м",NA,"вдовец","среднее",33
"ж",24,"женат","среднее",39.2200925931361
"м",NA,"женат","среднее",52.0830921492214
"ж",61,"женат","среднее",NA
"м",52,"холост",NA,35
"ж",56,"холост",NA,NA
NA,35,"разведен","среднее",40.4942090006626
"ж",NA,"женат","среднее",31.876418039693
"ж",73,"женат","среднее",NA
"м",43,"разведен","ср. спец.",51.9976119665722
"м",36,"женат","ср. спец.",47.2999958196021
"ж",NA,"женат","высшее",52.0857660197979
"ж",58,"женат","среднее",NA
"м",64,"женат","среднее",38.5539316018876
"м",40,"разведен","высшее",38.0078617206769
"м",27,"женат","высшее",50.404977712197
"м",NA,"женат","ср. спец.",50.8921390503514
"ж",41,"женат",NA,NA
"м",59,"разведен","среднее",40.7032088713357
"ж",20,"холост","высшее",35.4352003278615
"ж",35,"разведен","среднее",38.0998763299714
"м",NA,"женат","среднее",53.8990372780316
"ж",28,"разведен","высшее",39.4641083123535
"ж",18,"женат","среднее",42.7926409934653
"м",31,"женат","среднее",24.9526783126343
"м",38,"женат","среднее",36.2098378958848
"ж",NA,"женат","среднее",40.3810336214376
"ж",69,"женат",NA,37.6743508364549
"м",74,"вдовец","среднее",42.1842980860949
"м",49,"вдовец","среднее",38.5192984031636
NA,21,"женат","среднее",37.9603116698735
"м",72,"вдовец","ср. спец.",33
"м",18,"женат","среднее",52.3925193822479
NA,30,"женат","среднее",31.1458738369347
NA,21,"женат","среднее",41.9280910905702
"ж",18,"женат","среднее",NA
"м",48,"женат","среднее",34.0059546204156
"ж",43,"женат","ср. спец.",21
"ж",66,"разведен","среднее",34.898091851885
"м",30,"женат","среднее",41.5565725730789
"м",41,"женат","высшее",46.8604842796734
"м",29,"женат",NA,24.5733892954774
NA,35,"разведен","среднее",39.7853521733736
"м",36,"разведен",NA,29.7300301124221
"ж",35,"разведен","среднее",28.690427952031
NA,29,"разведен","среднее",50.8345074165495
"м",NA,"женат","ср. спец.",47.3885091662841
NA,33,"разведен","ср. спец.",50.5295271723037
"ж",50,"женат","ср. спец.",42.9124740440482
"ж",60,"вдовец","высшее",NA
"м",62,"женат","среднее",37.1463446074066
"м",21,"разведен","среднее",42.1338882867653
"м",NA,"женат",NA,30.2185571019256
"ж",49,"разведен","высшее",NA
NA,39,"вдовец","среднее",38.2379213748604
NA,79,"женат","среднее",42.4540661849948
"ж",74,"вдовец","ср. спец.",46
"ж",57,"вдовец","ср. спец.",42.9464510556878
"м",NA,"женат","среднее",40
"ж",35,"разведен","среднее",NA
"ж",36,"разведен","среднее",41.3874186511997
"ж",35,"женат","высшее",49.0087771102
"ж",76,"женат","высшее",NA
"ж",76,"вдовец","среднее",NA
"ж",51,"женат","среднее",NA
"ж",49,"женат","ср. спец.",NA
NA,33,"женат","ср. спец.",29.4252507727369
NA,79,"женат","высшее",40.1719658817178
"ж",33,"женат","среднее",NA
"ж",46,"холост","высшее",38.82557343408
"ж",49,"холост","среднее",42.8452221753795
"м",41,"женат","среднее",28.3987494962037
"ж",22,"женат","ср. спец.",NA
"ж",58,"женат","среднее",41.3171424670983
"ж",51,"вдовец","среднее",NA
"м",38,"женат","высшее",21
"ж",19,"женат","среднее",46.1404854046979
NA,26,"женат","среднее",21
NA,67,"женат","среднее",45.6234189747942
"м",67,"холост","высшее",49.2835991888098
NA,21,"женат","среднее",29.9885726324741
"м",59,"разведен","ср. спец.",44.192825746776
"м",63,"холост","среднее",44.6134141626181
"ж",81,"вдовец","ср. спец.",48.7296047766689
"м",49,"разведен","среднее",45.1676305786151
"м",24,"разведен","высшее",43.267101192472
"ж",34,"вдовец","среднее",44.2695283223863
"ж",36,"женат","среднее",37.4183425000683
"м",50,"вдовец","среднее",30
"ж",25,"женат","ср. спец.",26.728859405697
"м",21,"вдовец","среднее",44.3853661899491
"ж",41,"разведен","высшее",17.8369880428934
"ж",20,"женат","среднее",26
"м",81,"вдовец",NA,44.0277079858721
"ж",69,"разведен","ср. спец.",40.519031580462
"м",44,"вдовец","среднее",20
NA,20,"вдовец","ср. спец.",32.5448947715358
"ж",18,"разведен","среднее",NA
"м",41,"женат","среднее",43.547213536982
"ж",57,"женат","ср. спец.",38
"м",41,"холост",NA,36.2497724969946
"ж",25,"женат",NA,NA
"м",36,"женат","среднее",45.3489012877499
"ж",64,"женат","ср. спец.",50.0533352518354
NA,49,"вдовец","среднее",50.171557115106
"м",58,"разведен","высшее",NA
NA,72,"женат","среднее",36.4279069385646
"м",21,"вдовец","высшее",38.3554212488437
"м",74,"вдовец","ср. спец.",43.29238041178
"м",22,"женат","среднее",40
"м",37,"разведен","среднее",35.6743992257163
NA,41,"женат","высшее",31.150795405382
"ж",47,"женат","высшее",48.5081401683377
NA,35,"женат","среднее",38.01086179651
NA,32,"женат","среднее",43.3701085301455
"ж",63,"разведен","среднее",41.1415266217381
"м",24,"женат",NA,40.0683262508407
"ж",27,"холост","среднее",NA
"м",36,"женат","среднее",25.1534145796281
"м",35,"женат","высшее",24
"м",29,"женат","среднее",30.7986956779951
"м",38,"разведен","ср. спец.",27.3918483389928
"м",58,"женат","ср. спец.",39.0539569332898
"ж",75,"разведен","среднее",41.0326674838649
"м",28,"холост","среднее",30.4845845573519
"ж",25,"женат","среднее",52.9273308229283
"ж",78,"женат",NA,50.0154731940869
"ж",31,"холост","среднее",NA
"ж",31,"женат","среднее",38.5242651493454
"ж",57,"женат","среднее",44
NA,77,"женат","среднее",45.8472422413989
"м",29,"разведен","среднее",44.5468783303091
NA,81,"женат","среднее",48
"м",80,"женат","высшее",41.2106154280164
"ж",56,"женат","высшее",NA
"м",37,"женат","среднее",38.002437816316
"м",75,"женат","среднее",36.2814003090509
"ж",29,"женат","высшее",NA
"м",20,"женат","ср. спец.",24
"м",NA,"вдовец","среднее",51.5866700495918
"м",20,"разведен","среднее",38.0989341164881
"м",30,"женат","высшее",40.7347419037104
"м",44,"разведен","среднее",45.7341259734235
"м",60,"холост","среднее",43.020995619014
"ж",45,"разведен","среднее",42.8083885159218
"ж",37,"женат","среднее",31
NA,74,"женат","ср. спец.",37.8542362232708
"м",45,"женат","среднее",32.1091032163627
"м",NA,"женат","ср. спец.",50.7316388350929
"ж",39,"женат","высшее",29
"ж",73,"холост","среднее",NA
"ж",40,"вдовец","среднее",NA
NA,21,"женат","среднее",42.4579052868934
"ж",NA,"вдовец","ср. спец.",50.6876939437352
"ж",80,"женат","среднее",NA
"м",30,"разведен","среднее",50.5757051965722
"м",39,"вдовец","высшее",33
"ж",35,"женат","высшее",31.4715871958008
"м",47,"разведен","среднее",40.7325058748341
"м",NA,"разведен","высшее",35.2753904662799
"м",41,"женат","среднее",28
"ж",47,"женат","ср. спец.",32.8029690391737
NA,65,"холост","высшее",38.4861395200976
"ж",53,"женат",NA,41.85871617868
"м",39,"женат","среднее",42.9879005997999
NA,47,"женат","среднее",31.1282829144723
"ж",44,"женат","ср. спец.",45.1870827983544
"м",25,"разведен","ср. спец.",28
"ж",44,"разведен",NA,32.7940413307136
"м",19,"холост","среднее",45.0274870349867
"м",81,"вдовец","ср. спец.",48.3122159910839
NA,NA,"вдовец","среднее",49.4716366686342
"м",59,"женат","среднее",45.5763703964479
"ж",28,"женат","высшее",38.1260002008926
"м",44,"холост","высшее",39.7155948796983
"ж",51,"разведен","ср. спец.",37.2070754247095
"м",24,"женат","среднее",34.7615454582855
"м",76,"разведен","среднее",41.0722576062254
"м",63,"разведен","среднее",45.0659812700739
"м",36,"женат","высшее",39
"м",47,"вдовец","среднее",41.0988806684381
"м",55,"холост","среднее",42.9965290645996
"м",77,"женат","среднее",40
"ж",80,"женат","ср. спец.",NA
NA,NA,"женат","среднее",50.4130454176468
"м",35,"вдовец","ср. спец.",40.7069865789676
"ж",33,"женат",NA,52.8805598476082
"ж",23,"вдовец","среднее",44.2869363462487
"м",24,"разведен","среднее",28.3038884476297
"ж",69,"разведен","среднее",51.932566514534
"ж",65,"разведен","среднее",43.2649538577591
"ж",43,"женат","среднее",30.7640777823613
"ж",43,"женат","среднее",31
"м",36,"холост","среднее",42.0044133338487
"ж",76,"женат","среднее",NA
"ж",24,"холост","среднее",NA
"м",19,"холост","среднее",47.2763004739246
"м",40,"разведен","высшее",27.9372093216196
"ж",43,"женат","среднее",35.2658446043973
"м",58,"разведен","высшее",46.2663707318488
"ж",55,"разведен",NA,NA
NA,44,"вдовец","ср. спец.",33.5707840127478
"м",25,"вдовец","ср. спец.",36.1733749029027
"ж",38,"вдовец","высшее",55.0330965207382
"ж",38,"разведен","высшее",46.9276804146041
"м",35,"разведен","среднее",30.8397803996187
NA,NA,"женат","среднее",38.5179474325249
"ж",56,"вдовец","среднее",32.757617515543
"ж",32,"холост","среднее",NA
"ж",58,"вдовец",NA,60.572815596547
"ж",73,"женат","среднее",38.2854825427583
NA,34,"разведен","среднее",44
"м",57,"холост","ср. спец.",40.7443142003728
"м",NA,"женат","высшее",52.5009117531303
"ж",64,"разведен","среднее",NA
"м",33,"разведен","среднее",32.4910495889164
NA,NA,"женат",NA,39.0941683412524
"ж",51,"женат","среднее",41.0874817571517
NA,51,"вдовец","среднее",47.06105913461
"ж",21,"женат","среднее",NA
"ж",76,"разведен","среднее",NA
"ж",40,"холост","среднее",39.7975413090679
"ж",42,"женат","среднее",NA
"м",39,"холост","высшее",35.5459673702066
"м",50,"разведен","среднее",52.0202402715202
NA,44,"женат","среднее",43.2677917293518
"м",44,"женат","высшее",27
"м",44,"женат","ср. спец.",41.4126895597131
"ж",53,"женат","ср. спец.",NA
"ж",53,"холост","среднее",36.8919853281599
"м",41,"женат",NA,44.9587072907826
"ж",49,"разведен","высшее",41.5322271597833
"ж",48,"женат","ср. спец.",NA
"ж",73,"вдовец","ср. спец.",39.7016251257166
"м",33,"холост","ср. спец.",29.2125831239997
"м",32,"вдовец","высшее",42.3803168656225
"ж",23,"женат","ср. спец.",NA
"ж",44,"женат","среднее",26
"м",44,"женат","среднее",40.6015426926117
"м",47,"разведен","среднее",45.2139065509639
"ж",68,"женат","ср. спец.",41
"ж",NA,"женат","среднее",58.4657333660774
"ж",NA,"холост","высшее",59.3801293441405
"ж",57,"разведен","среднее",44.298168965067
"м",39,"разведен","высшее",25.7364862421235
NA,33,"разведен","ср. спец.",28.6553697834342
"ж",20,"женат","среднее",23
"м",21,"разведен","среднее",30.9168813309402
"м",43,"разведен","среднее",31.5319999668177
NA,37,"женат","высшее",31.118432258679
"ж",24,"вдовец","среднее",24.1867015088272
"ж",NA,"женат","высшее",30.8667415803118
"ж",55,"холост","среднее",44.6146317523361
"ж",42,"разведен","высшее",47.7743758484472
"м",30,"женат","среднее",43.35792045455
"м",24,"женат","ср. спец.",40.2926943247381
"ж",72,"женат","среднее",49.0655334674926
NA,NA,"холост","высшее",53.2520689801583
"м",20,"женат","среднее",45.0381847441991
"ж",33,"женат","среднее",45.0893579865458
NA,34,"холост","высшее",26
"ж",29,"женат",NA,37.379416411287
NA,54,"разведен","среднее",43.992413290854
NA,NA,"вдовец","среднее",42.97559192703
"м",37,"женат","ср. спец.",42.9142908918108
"м",28,"женат","высшее",23.3143232072663
"ж",26,"женат","ср. спец.",39.1940111029509
NA,65,"женат","ср. спец.",60.5654074670047
"ж",32,"холост","среднее",25.0289932115847
"м",76,"женат","высшее",49.9247723916086
"ж",NA,"разведен","высшее",39.7191367322127
"м",36,"вдовец","ср. спец.",38.0636111508926
"ж",NA,"разведен","среднее",32.5276563623185
"ж",24,"разведен","высшее",36.7920216996534
"м",38,"разведен","высшее",39.9867391310765
"ж",20,"женат","среднее",27
"м",54,"разведен","среднее",NA
"ж",31,"женат","ср. спец.",NA
"м",40,"женат","высшее",40.997123566182
"ж",26,"холост","ср. спец.",37.5654747426988
"м",74,"женат","среднее",57.4039801851564
"ж",35,"холост","высшее",26.8163976559736
"ж",47,"разведен","среднее",33.0811394016797
"ж",18,"женат",NA,NA
"м",28,"разведен","высшее",45.9147825403189
"ж",27,"вдовец","ср. спец.",NA
"м",19,"женат","среднее",56.1494255792713
"м",70,"женат",NA,42.1739936939053
"ж",19,"холост","среднее",40.4001356193643
"ж",20,"женат","высшее",54.6887449194221
NA,35,"женат","высшее",40.4761337666759
"ж",44,"женат","среднее",39.289904404823
"м",NA,"разведен","высшее",30.9654183725499
"ж",72,"вдовец","среднее",NA
"м",NA,"холост","среднее",53.5649244683286
"ж",78,"женат","ср. спец.",NA
"м",69,"женат","среднее",40.2666925219218
"м",40,"холост","ср. спец.",32.9930277433989
"ж",45,"вдовец","высшее",NA
"ж",27,"разведен","среднее",42.2012796945252
"м",80,"холост","высшее",42.6493712636401
"ж",77,"вдовец","среднее",NA
"ж",NA,"холост","среднее",49.0735624134525
NA,53,"разведен","ср. спец.",42.2840905235525
"ж",51,"разведен","высшее",NA
"ж",56,"холост","среднее",NA
"м",25,"вдовец","среднее",27.5421492985034
"м",24,"женат","среднее",42.2140351875227
"ж",35,"женат","среднее",42.9086709761028
"м",45,"вдовец","высшее",59.4178020411832
"м",74,"вдовец","среднее",47.7508844582536
"м",24,"женат","высшее",NA
"м",40,"женат",NA,32.7609677077476
"м",35,"женат","среднее",42.6002585349986
"м",80,"женат","среднее",49.3826144517429
"ж",38,"разведен","высшее",NA
"м",28,"женат","высшее",34.4132318563186
"м",62,"женат","ср. спец.",36.2897994785332
"м",26,"женат","среднее",39
NA,NA,"разведен","высшее",51.1428061798705
"м",41,"женат","высшее",55.7177311474522
"ж",25,"вдовец","среднее",37.2142332964304
"м",32,"вдовец","высшее",29.9091257775593
"м",21,"женат","высшее",43.9052008578144
"ж",50,"женат","ср. спец.",46.4771807968298
"м",44,"женат","среднее",34.970395597221
"м",32,"женат","ср. спец.",36.1960512205606
"ж",18,"женат","высшее",NA
"м",28,"женат","среднее",29.4531049377312
"м",NA,"женат","среднее",49.6133717824063
"ж",64,"холост","среднее",NA
"м",29,"женат","среднее",38.4750693236336
"ж",56,"женат","среднее",38.5443443813816
"м",72,"женат","среднее",39.8908888198344
"ж",59,"разведен","среднее",NA
"м",63,"разведен","высшее",42.7269394111827
"м",22,"женат","высшее",54.91331782208
"м",76,"разведен","среднее",32.4449727800498
"ж",78,"женат","среднее",NA
"м",37,"женат","среднее",57.3635768738639
"ж",NA,"холост","среднее",41.3970306399689
"ж",48,"женат","высшее",30.5167302412895
"ж",40,"разведен","среднее",NA
"ж",34,"разведен","среднее",37.8917229993038
"м",30,"разведен","ср. спец.",40.5310321158355
"ж",69,"женат","среднее",39.7837575276942
"м",46,"женат","ср. спец.",36.0558501575329
"м",NA,"вдовец","среднее",41.4768511079007
"ж",65,"женат","высшее",51.8176800972476
"ж",31,"разведен","среднее",47.4255498093914
"ж",NA,"разведен","высшее",48.5527002862743
"м",40,"женат",NA,41.2883387175877
"м",46,"холост","высшее",46.6331819208553
"м",NA,"женат","высшее",52.5427586678877
NA,NA,"холост","среднее",52.701374234245
"ж",57,"женат","высшее",NA
"м",69,"разведен","высшее",36.0702654776977
"м",43,"разведен","ср. спец.",38
"ж",21,"женат","среднее",42.4331538549192
"ж",79,"холост",NA,41.1807763319871
"ж",69,"женат","среднее",NA
"м",26,"вдовец","ср. спец.",45.2079657643515
"ж",34,"холост","среднее",54.1700226664027
"м",NA,"разведен","высшее",48.4361988885483
"м",73,"вдовец","высшее",45.218766295512
"ж",NA,"холост","высшее",42.9127284480285
"ж",24,"женат","среднее",NA
"м",36,"женат","среднее",33.9979976510341
"м",41,"женат","высшее",36
"ж",66,"женат","ср. спец.",NA
"м",38,"разведен","среднее",45.0320078276461
"ж",54,"разведен","среднее",NA
"м",NA,"разведен","ср. спец.",53.7203521986091
"м",69,"разведен","ср. спец.",44.593216184466
"м",41,"разведен","высшее",30.7117955229673
"ж",44,"разведен","среднее",18.5578050763507
"ж",25,"вдовец","среднее",NA
"ж",66,"женат","среднее",45.8148288556687
NA,30,"разведен","ср. спец.",32.7843036650084
NA,NA,"женат","среднее",40.8769016995497
"м",60,"разведен","среднее",55.0455241764299
"ж",76,"женат","среднее",43.5653973437086
"ж",40,"женат",NA,20.1304313683191
NA,43,"разведен","среднее",43.7104411332421
"м",27,"женат","высшее",36.9079141535204
NA,64,"холост","ср. спец.",40.2117239307796
"ж",69,"холост","среднее",NA
"ж",24,"женат","высшее",38.8498116637942
"м",44,"вдовец","высшее",35.4385043895886
NA,46,"разведен","высшее",43.9288780066137
"ж",80,"женат","высшее",46.2756332975609
"ж",25,"вдовец","среднее",NA
"м",NA,"женат","высшее",40.1855565203079
"м",36,"холост","высшее",NA
"ж",73,"вдовец","среднее",NA
"м",32,"холост","среднее",31.5924927520822
"м",72,"женат","высшее",38.6461454615382
"ж",21,"холост","высшее",37.3822915821851
"ж",47,"женат",NA,30.676432514596
"м",NA,"вдовец","высшее",39.114166944915
"ж",30,"разведен","высшее",29
"ж",37,"женат","высшее",NA
"ж",NA,"женат","среднее",34.1614499434988
"м",23,"вдовец","высшее",39.2000248124494
"ж",61,"холост","среднее",39.437780602842
"м",32,"вдовец","среднее",44.0199611648261
NA,NA,"холост","среднее",54.9177789768743
NA,19,"разведен","высшее",41.6214466592075
"м",44,"женат","высшее",37.3378714683755
NA,59,"разведен","среднее",48.7190245063398
NA,56,"женат","ср. спец.",42.0266810541877
"м",62,"женат","среднее",51.0764873463375
"ж",33,"разведен","среднее",37.9738508644703
"ж",27,"женат","ср. спец.",NA
"ж",34,"вдовец","среднее",24
"м",40,"вдовец","среднее",49.6164346028617
"м",43,"разведен","среднее",38
NA,48,"женат","среднее",40.1493672503814
"ж",35,"холост","среднее",36.4267064368429
NA,NA,"женат","среднее",45.355925446021
"ж",59,"женат","высшее",45.8907920398813
"ж",25,"женат","ср. спец.",NA
"ж",44,"разведен","высшее",NA
"м",53,"женат",NA,41.3628381024036
"м",35,"холост",NA,29.6799836685454
"ж",79,"женат","среднее",50.3342379454903
"ж",36,"разведен","среднее",NA
"ж",57,"женат","среднее",32.7267097544192
"м",69,"разведен","среднее",38.7031032826032
"м",37,"холост","высшее",41.5975274883381
"м",22,"женат","высшее",45.3105059222629
"м",78,"вдовец","среднее",36
"м",NA,"женат","среднее",54.2063782919488
"ж",31,"женат","высшее",29.691570373632
"ж",22,"разведен","среднее",48.5472700354361
"м",21,"женат","высшее",36.9969841865476
"м",NA,"женат","среднее",40.8582903124639
NA,NA,"женат","среднее",47.129524211971
NA,36,"женат","ср. спец.",38.4084901798248
"ж",35,"женат","среднее",NA
"м",37,"женат",NA,40.5536310357957
"ж",78,"вдовец","среднее",44
"ж",31,"разведен","среднее",38.6608459441639
"м",56,"вдовец","среднее",38.0694969280766
"ж",49,"холост","ср. спец.",NA
"ж",NA,"разведен","среднее",45.6107512715602
"м",26,"женат","среднее",40.41439302087
"м",33,"женат","среднее",41.8854554350638
"ж",59,"женат","высшее",46.340608810052
"м",21,"женат","ср. спец.",30.7963878971645
"м",81,"разведен","среднее",43.0963360691361
"ж",50,"разведен","среднее",NA
"ж",43,"разведен","среднее",39.488590994334
"м",32,"женат","ср. спец.",33.6756951464908
"ж",80,"женат",NA,NA
"м",55,"разведен","высшее",47
NA,72,"вдовец","среднее",48.0648268075885
NA,35,"женат","высшее",24.6550690819972
NA,NA,"разведен","ср. спец.",42.3706940200033
"ж",45,"женат","ср. спец.",37.1478853634603
NA,51,"разведен",NA,46.5650005154745
"ж",44,"женат","высшее",NA
"м",52,"женат","среднее",45.7983357701733
"м",50,"женат","высшее",38.4791383214792
"ж",28,"женат","высшее",38.4753784626088
"м",NA,"разведен","среднее",42.3974889972643
"м",78,"холост","среднее",36
"м",55,"холост","среднее",46.42326669423
"м",56,"разведен","среднее",35.9911464188456
"м",NA,"женат","ср. спец.",43.6558507230885
"ж",49,"разведен","ср. спец.",NA
"м",22,"вдовец","среднее",48.1922644690067
"ж",77,"женат","высшее",37.2630030586816
NA,69,"вдовец","высшее",37.6404324669306
"ж",47,"вдовец","среднее",53.3386049537399
"м",20,"женат","ср. спец.",35
"ж",31,"женат","высшее",40.3117157267137
"м",33,"вдовец","высшее",41.3369779038364
"ж",78,"разведен","среднее",45.9728799951139
"ж",59,"холост","среднее",NA
"ж",NA,"женат","среднее",49.182830159443
"ж",24,"женат","высшее",35.798438260754
"м",66,"холост","высшее",44.4897537938982
"ж",21,"женат","высшее",43.7135356869619
"м",56,"холост","высшее",43.236278111115
"ж",24,"холост","среднее",30.9201941091384
"м",36,"вдовец","высшее",43.5344783564939
"ж",81,"женат","ср. спец.",62.2010346796591
"ж",38,"разведен","среднее",NA
"ж",24,"женат","среднее",NA
"ж",79,"женат","среднее",39.8279155271819
"ж",67,"женат","ср. спец.",54.4965289613492
"м",25,"разведен","высшее",38
"ж",33,"разведен","высшее",42.5976381534917
"ж",45,"холост","ср. спец.",39.4720472055828
"ж",26,"вдовец","высшее",42.9934923603746
"м",51,"холост","ср. спец.",40.5495031852944
"м",NA,"женат","среднее",41.7335440414386
"м",79,"женат",NA,44.7650798301762
"ж",45,"женат","среднее",46.1408712917804
"ж",57,"женат","высшее",41.3635882101583
"ж",41,"женат","среднее",46.0631286154512
"м",20,"разведен","ср. спец.",39.9154270840974
"м",43,"женат","высшее",38.8720321190893
"ж",60,"женат","ср. спец.",33
"м",34,"женат","ср. спец.",45.7537810388138
"ж",34,"женат","ср. спец.",46.9029549978832
"ж",54,"вдовец","среднее",NA
"м",63,"разведен","ср. спец.",31.821677286919
"м",63,"холост","высшее",55.5448930546171
"м",24,"женат","среднее",32.7295273750211
"м",28,"женат","среднее",43.170102006787
"м",21,"холост","высшее",21
"м",72,"вдовец","ср. спец.",30.4911884472292
"ж",21,"женат","среднее",NA
"ж",33,"женат","среднее",35.9178382520534
"м",31,"разведен","среднее",31.2799179584055
"м",20,"женат","ср. спец.",36.9803740038853
"ж",67,"женат","высшее",45.2152387100931
"м",24,"женат","среднее",34.5753632311211
"м",39,"женат","среднее",36.6465245740819
"м",40,"женат","ср. спец.",48.2391783063347
"м",31,"разведен","ср. спец.",38.0392808356616
"ж",22,"вдовец","ср. спец.",NA
"м",63,"женат","среднее",31.1676372855179
"м",74,"женат","высшее",NA
"м",45,"женат","высшее",43
"м",21,"женат","высшее",34
"ж",37,"женат","среднее",NA
"ж",54,"женат","среднее",NA
"м",34,"женат","ср. спец.",36.5570670464089
"ж",47,"женат","высшее",NA
"м",41,"женат","ср. спец.",38.801508218773
NA,51,"разведен","ср. спец.",40.9994914786282
"м",41,"женат",NA,32.5513228471699
"м",51,"женат","среднее",39.6021379325856
"м",30,"холост",NA,51.083105102654
"м",51,"женат","высшее",40.4397806565182
"ж",77,"женат","ср. спец.",47.4915965203294
"м",55,"разведен","среднее",31.3272692017818
"м",42,"разведен","среднее",30.8842356832714
"м",60,"женат","среднее",50.9071720688408
"м",55,"женат","среднее",35.6666176385131
"ж",41,"женат","среднее",45.8027158426968
"м",46,"разведен",NA,20.6293280757858
"ж",67,"разведен","ср. спец.",49.1415223566699
"ж",49,"женат","высшее",NA
"м",72,"женат",NA,38.0199567719307
"м",57,"холост","ср. спец.",NA
"м",49,"разведен","высшее",39.1087898991092
"ж",30,"женат","ср. спец.",44.5853266767425
"ж",80,"женат","среднее",NA
"ж",34,"разведен","ср. спец.",42.6772527657547
"м",56,"вдовец","среднее",46.7004737510142
"ж",48,"женат","среднее",27.9233193090989
"ж",47,"разведен","среднее",37.8030403796287
"м",48,"женат","среднее",33
"ж",33,"вдовец","ср. спец.",NA
"ж",81,"холост","среднее",32.6165921870373
"ж",31,"женат","среднее",34.2800426451352
"м",34,"разведен","высшее",38.8705260802779
NA,33,"женат",NA,20
"ж",59,"женат","среднее",55.5259684375057
"м",35,"женат","ср. спец.",36.4998449132045
"ж",29,"женат","высшее",NA
NA,NA,"холост","ср. спец.",44.4937750108403
"м",25,"женат","высшее",39.8074082124227
"м",72,"разведен","высшее",35.1442422896595
"ж",23,"женат","среднее",35.7148615762692
"м",46,"вдовец","ср. спец.",36.5215795689459
"м",24,"женат","высшее",38.9995790573751
"ж",56,"вдовец","среднее",46.3571962777584
"м",NA,"женат","среднее",48.6832492419652
"м",47,"разведен",NA,37.3766823804689
NA,29,"женат",NA,42.105963598564
"м",67,"разведен",NA,41.446202546133
"ж",47,"вдовец",NA,47.1644577583486
"м",35,"женат",NA,39.8334999418694
NA,25,"разведен",NA,25
"ж",47,"холост",NA,44.7477021948512
"м",35,"женат",NA,34.593757343088
"м",55,"холост",NA,42.3190467311821
"ж",48,"женат",NA,NA
"м",44,"разведен",NA,34.9178533550445
"ж",30,"женат",NA,NA
"ж",36,"разведен",NA,NA
"ж",27,"женат",NA,39.9949922480693
"м",NA,"разведен",NA,46
"м",NA,"разведен",NA,49.5404213330599
"м",41,"женат",NA,58.6908624935476
"ж",52,"вдовец",NA,35.2823366968435
"м",20,"женат",NA,38.8837626535313
"ж",48,"женат",NA,43.5315052658282
"м",34,"женат",NA,37.7029182341644
"ж",35,"женат",NA,NA
"м",76,"разведен",NA,43.0211429741944
"ж",58,"женат",NA,38.4516317049104
"ж",29,"женат",NA,NA
"м",49,"холост",NA,45.1390402547209
NA,65,"женат",NA,43.937512569162
"ж",46,"женат",NA,35.456899591858
"м",50,"разведен",NA,52.2220003268191
"м",NA,"женат",NA,52.2606063908679
NA,NA,"женат",NA,43
"м",34,"женат",NA,39.576070751069
"м",51,"разведен",NA,36.5689688734373
NA,39,"холост",NA,44.0926374250599
"м",68,"разведен",NA,37.76116879752
"ж",39,"разведен",NA,44.0943220697297
"м",59,"разведен",NA,NA
"м",NA,"разведен",NA,38.9865694252648
"ж",45,"женат",NA,NA
"ж",39,"разведен",NA,37
"м",32,"вдовец",NA,45.0289517571751
"ж",76,"женат",NA,46.8347894278798
"м",74,"женат",NA,34.6919014702847
NA,65,"женат",NA,46.1056805269944
"ж",31,"женат",NA,NA
"ж",52,"вдовец",NA,33.9019327403609
"ж",24,"разведен",NA,42.2643536960275
"ж",23,"холост",NA,47.1999070135994
"ж",47,"женат",NA,NA
"м",NA,"разведен",NA,35
"м",40,"женат",NA,48.2734813103372
"ж",64,"вдовец",NA,NA
"м",28,"женат",NA,43.7712129033533
"м",27,"женат",NA,35
"м",72,"женат",NA,46.61852730433
"м",30,"женат",NA,28.8828391006238
"м",80,"холост",NA,NA
"м",41,"вдовец",NA,29.8191040835461
NA,41,"разведен",NA,30.6245915423131
"м",77,"холост",NA,52.3524160725902
"ж",47,"женат",NA,23
NA,41,"вдовец",NA,13.5404516117729
"ж",61,"холост",NA,NA
"м",73,"холост",NA,36.5466615480072
"м",67,"женат",NA,47.3110758865646
"м",65,"разведен",NA,51.9774240971048
"ж",23,"разведен",NA,32
"м",34,"разведен",NA,30
"м",30,"разведен",NA,30.453187989999
"ж",27,"женат",NA,40
"м",61,"разведен",NA,44.6136243649861
"ж",41,"разведен",NA,35.779772731709
NA,34,"женат",NA,25.2382616211776
"м",42,"разведен",NA,20
"ж",44,"холост",NA,63.7268653765971
"ж",75,"холост",NA,39.660115309262
"ж",42,"женат",NA,40.185272930521
NA,20,"вдовец",NA,42.4974029010247
"м",NA,"женат",NA,39.3145335082545
"м",26,"женат",NA,39.5267948441919
"ж",20,"женат",NA,45.6478839531887
"м",NA,"разведен",NA,48.3613844245098
"ж",42,"женат",NA,27.1905711015677
"ж",56,"женат",NA,NA
"м",38,"разведен",NA,39.826283441243
"ж",71,"вдовец",NA,NA
NA,27,"женат",NA,49.217782288468
"ж",47,"женат",NA,NA
"ж",59,"женат",NA,NA
"ж",25,"женат",NA,NA
"ж",55,"вдовец",NA,41.3752271069546
NA,34,"женат",NA,37.8423302263995
"ж",79,"женат",NA,NA
"м",34,"вдовец",NA,41.4946454880297
"ж",48,"холост",NA,42.6456220991551
"ж",81,"женат",NA,48.4951431885643
NA,NA,"разведен",NA,41.4717293050486
NA,50,"разведен",NA,47.2012774967904
"ж",54,"женат",NA,NA
"ж",44,"вдовец",NA,29
"м",19,"женат",NA,44.0907137655516
"м",75,"холост",NA,37.7752580748866
"м",36,"женат","среднее",38.0034483090984
"ж",30,"вдовец","ср. спец.",NA
"ж",NA,"холост","среднее",30
"м",42,"разведен","среднее",37.0551386644022
"ж",40,"женат","среднее",NA
"м",70,"холост","высшее",46.2375064541838
"ж",62,"вдовец","ср. спец.",50.5964066987963
"ж",78,"женат",NA,38.5624409056658
"м",21,"разведен","среднее",37.2415815272932
"ж",56,"разведен",NA,56.4870599318197
"м",20,"женат","среднее",42.1946547767899
"м",58,"холост",NA,36.4277374374564
"ж",63,"женат","высшее",39.1253714970381
"м",36,"женат",NA,35
NA,NA,"вдовец",NA,50.3708719740587
"ж",27,"женат","высшее",56.4034194422078
"ж",NA,"женат",NA,52.5261552523526
NA,59,"вдовец",NA,35
"м",18,"женат","среднее",40
"ж",65,"женат","ср. спец.",38.1700604309857
NA,NA,"женат",NA,49.9513285329537
"м",60,"холост",NA,41.6770381294812
"ж",40,"разведен","среднее",32
"ж",66,"разведен","высшее",46.0183481854603
"ж",81,"женат","высшее",46.4077166151162
"ж",34,"разведен",NA,26
"м",42,"разведен","среднее",41.1182569897959
"ж",47,"разведен","среднее",56.9283448867946
"м",NA,"женат",NA,59.5326750147594
"м",NA,"разведен","среднее",40.5532610696197
"ж",21,"холост","высшее",32
NA,49,"разведен","ср. спец.",38.9731183335014
"м",74,"женат",NA,43.0782443905623
"м",27,"женат","среднее",49.1706434983986
"ж",35,"разведен",NA,39.5361990612419
"м",61,"женат",NA,48.6582402685879
"ж",45,"разведен","среднее",33.8224191855614
"ж",41,"женат","высшее",39.2341147249093
"м",63,"женат",NA,52.6526892863373
"ж",47,"женат",NA,NA
NA,56,"холост",NA,46.1274247900211
"м",28,"женат",NA,32.6826270041282
"м",69,"женат",NA,33.8046243621893
"м",43,"женат","среднее",26
"ж",NA,"холост","ср. спец.",48.1080899677561
"м",30,"вдовец","высшее",44
"ж",61,"женат","среднее",47.5913234410364
"м",54,"разведен","высшее",44.6138875418268
"м",30,"вдовец","высшее",45.7207836926614
"м",37,"разведен","ср. спец.",38.1435337504095
"м",NA,"разведен",NA,54.7389957680236
"ж",70,"вдовец","высшее",47.8101346076269
"м",65,"женат",NA,32.8250605050587
"м",48,"женат","среднее",44
"м",61,"женат","среднее",50.5549355536035
"ж",28,"вдовец","ср. спец.",31.6674934298504
"м",24,"разведен","среднее",47.5963417514629
"м",NA,"разведен","среднее",48.1737397966903
"м",33,"разведен","высшее",25.8197800610733
"м",39,"вдовец",NA,NA
"м",38,"разведен","среднее",39.1000100078493
"м",31,"разведен","среднее",38.4143598812567
NA,64,"женат",NA,37.1266176748879
"ж",43,"холост",NA,NA
"ж",31,"женат","ср. спец.",44.2355729620002
"ж",NA,"разведен","ср. спец.",33
"ж",26,"женат","среднее",41.6495671529153
"ж",62,"разведен","среднее",43.2140238427713
"ж",31,"вдовец","ср. спец.",41.9690364157976
"м",18,"женат","высшее",35.9777755782938
"м",21,"разведен","среднее",29.5612753878007
"м",23,"женат","среднее",29.6151322700816
"м",73,"женат",NA,47.8615618103281
"ж",74,"женат","среднее",NA
"м",26,"разведен","высшее",30.2377453662711
"ж",48,"женат","ср. спец.",39.3064926779847
"м",27,"разведен",NA,41
"м",51,"женат","ср. спец.",28.2637812132863
"ж",NA,"вдовец","ср. спец.",52.674801542107
"ж",72,"вдовец","среднее",44
"ж",40,"женат","среднее",NA
"м",43,"женат",NA,41.8843202248634
"ж",18,"женат",NA,51.8843141154648
"ж",NA,"женат","высшее",43.4516725207802
NA,79,"женат",NA,47
"м",79,"женат","высшее",47.6901885406141
"ж",38,"женат",NA,37.9455546714174
"ж",23,"разведен",NA,39.2863952377818
NA,79,"женат",NA,48.682387937386
"м",33,"холост","ср. спец.",43.2538323170325
NA,30,"разведен",NA,43.7368702689363
"ж",39,"женат","среднее",55.8572134317891
"ж",66,"разведен",NA,33.4023461562065
"ж",74,"женат","среднее",43.6186270836404
"м",34,"женат","высшее",25.3495336449387
"м",81,"разведен","среднее",52.1043626223979
"м",31,"женат","ср. спец.",37.3137446771827
"ж",25,"разведен","среднее",35
"м",33,"женат","высшее",26.584174511134
"ж",23,"женат","ср. спец.",36.9304095367633
"ж",71,"холост",NA,NA
NA,70,"женат","среднее",43.658893261347
"м",49,"разведен","высшее",NA
NA,48,"женат","среднее",37.3327977248226
"м",43,"вдовец","высшее",37.5326013967143
"м",29,"разведен",NA,27.0043485105473
"м",NA,"разведен",NA,50.7471650892905
"м",75,"вдовец",NA,46.6282389860742
"ж",37,"разведен","высшее",33.0942240794663
"м",33,"разведен","среднее",37.8932478020492
"м",62,"женат","среднее",33.5306143974302
"м",62,"женат","ср. спец.",36.8376678510365
"ж",42,"холост","высшее",NA
"м",46,"разведен",NA,41
"ж",37,"холост","ср. спец.",46.73749944062
"м",NA,"женат","среднее",45
"ж",59,"женат","высшее",NA
"ж",52,"вдовец",NA,54.6054860818321
"ж",67,"женат","среднее",40
"м",28,"женат","среднее",35.7751316086792
"ж",26,"женат","среднее",29.8023499078686
"м",41,"женат","ср. спец.",40.3178360220326
"ж",33,"разведен",NA,40
"ж",18,"холост","среднее",42.4326152443721
"ж",36,"холост","среднее",NA
"м",71,"женат","высшее",35.5946416899455
"м",NA,"вдовец","ср. спец.",31.5140056276723
"м",42,"женат","среднее",47.8983781840631
"ж",63,"холост","высшее",NA
"м",19,"вдовец",NA,43.9943674599287
"ж",35,"женат",NA,NA
"ж",44,"разведен","среднее",38.6092860577308
"м",68,"разведен",NA,42.4421466628675
"м",27,"разведен","высшее",38.6513474300638
"ж",44,"женат","среднее",49.3489735335079
"ж",48,"холост","среднее",40.0424727035786
"м",29,"женат",NA,39.8248165560131
"ж",41,"женат","среднее",34
"ж",23,"женат",NA,47.5931028772447
NA,34,"женат","высшее",37.307019292639
"ж",21,"разведен","высшее",29.0820430580382
"ж",33,"женат",NA,NA
"м",44,"вдовец","высшее",39.7887340679822
"м",37,"женат","среднее",34.6838800546711
"м",27,"холост","ср. спец.",33.1851604842914
"м",27,"женат","среднее",48.5350912280333
"м",21,"разведен","ср. спец.",NA
"ж",24,"вдовец",NA,NA
"м",22,"холост","среднее",46.7613671479565
"м",81,"женат","высшее",41
"м",58,"разведен",NA,33
"м",47,"разведен","среднее",27.3736364520797
"ж",40,"женат","среднее",37.8821372387399
"м",33,"женат","ср. спец.",20
"м",58,"вдовец","высшее",42.5434226159722
"ж",73,"разведен",NA,42.609987679617
"ж",77,"холост",NA,43.5263445301198
"м",61,"вдовец","среднее",40.6669947750742
"м",20,"холост","среднее",31.2507810002586
"ж",52,"женат","среднее",53.0226337266281
"ж",19,"холост","среднее",45.7901106040931
"ж",62,"разведен",NA,48
"м",32,"женат",NA,39.1984591471826
"м",NA,"холост","среднее",48.2342504468781
"ж",67,"женат","высшее",53.6837886405065
"м",NA,"женат","среднее",49.3798414487186
"м",44,"холост",NA,NA
"м",30,"разведен",NA,43.725803620345
NA,43,"вдовец","высшее",39.49911272099
"м",38,"вдовец",NA,26.6087224669259
"ж",65,"разведен","ср. спец.",40.1834337615699
"м",75,"женат",NA,54.8388467085948
NA,65,"разведен","среднее",38.9661137884104
"м",66,"женат","высшее",38.5536607317264
"ж",26,"холост","высшее",37.4570304459472
"м",40,"разведен",NA,35.7861393127274
"ж",47,"женат",NA,49.9414559627363
"ж",62,"разведен","среднее",NA
NA,66,"вдовец","высшее",41.0416906986311
NA,81,"разведен","высшее",53.8515069251442
"ж",44,"женат",NA,31
"м",45,"вдовец",NA,17.7329924940556
NA,63,"разведен",NA,44.2871051639799
"ж",45,"холост","высшее",NA
"м",64,"женат","высшее",45.4767595068047
"м",25,"вдовец",NA,40.2940309851285
"м",35,"вдовец","среднее",29.427607046058
"м",30,"разведен","среднее",38.8709012825671
"м",79,"вдовец","среднее",43.2940092718695
"м",53,"разведен","среднее",35.4777407175498
"м",19,"женат","ср. спец.",47.6999037486781
"м",27,"женат","ср. спец.",41.9653919876506
"м",32,"разведен",NA,38.7515846775776
"м",61,"женат","высшее",NA
"ж",35,"холост",NA,46.1350972207528
"м",29,"женат",NA,32.1363885671645
"ж",47,"вдовец",NA,28.183248236638
"м",80,"вдовец","среднее",41.2229116873005
"ж",NA,"разведен","среднее",50.9889117989084
"м",42,"разведен","ср. спец.",46.5230798984134
"м",37,"женат","среднее",43.9119317417394
"м",34,"женат","высшее",36.4568707771871
NA,65,"холост",NA,39.371271571544
NA,24,"разведен","среднее",33.3565741658935
"ж",68,"вдовец","среднее",43.5880861367176
"ж",40,"женат",NA,45.5043229122824
"ж",23,"женат","высшее",52.7304017735021
"ж",68,"вдовец","среднее",NA
"ж",58,"вдовец","высшее",50.1577685039296
"м",45,"холост","ср. спец.",35.5650329232548
"м",NA,"вдовец",NA,38.3294362905152
"ж",73,"женат",NA,42.5046509283758
"м",77,"разведен","среднее",37
"ж",51,"женат","среднее",NA
"ж",62,"женат","среднее",43
"м",43,"женат","ср. спец.",47.6396484857636
"м",25,"разведен","среднее",41.2787680590556
"ж",28,"женат","среднее",48.0379346382437
"м",52,"женат",NA,47.57804377583
"ж",20,"женат",NA,39.834193741022
"м",38,"женат","высшее",30.7418849803696
"м",74,"разведен","высшее",54.33946348406
"ж",47,"вдовец",NA,38.1041063783328
"ж",69,"женат","среднее",NA
"ж",41,"разведен","среднее",NA
"ж",32,"вдовец","ср. спец.",34
"м",NA,"женат","среднее",36.6530689069413
"м",73,"женат",NA,55.5154661034326
"м",35,"женат","среднее",28.4484031345648
"ж",38,"женат","ср. спец.",NA
"ж",67,"вдовец","среднее",49.6261947426723
"ж",77,"женат",NA,NA
"ж",28,"разведен","среднее",31.5095749670454
"м",35,"холост",NA,44
"м",41,"разведен","среднее",47
"м",48,"разведен","среднее",23
"м",39,"вдовец","среднее",44.864623090936
"м",61,"вдовец",NA,45.3193008465745
"ж",53,"разведен","среднее",45.8558082115746
"ж",50,"вдовец",NA,55.0638182110231
"ж",52,"холост","среднее",NA
"ж",NA,"холост","ср. спец.",48.7157469610595
"ж",79,"женат",NA,NA
"ж",33,"женат","ср. спец.",26.1032214045239
"ж",30,"женат",NA,NA
"м",56,"холост","среднее",36.2859297547223
"ж",47,"женат","среднее",44.5624932122076
"ж",64,"холост",NA,46.6950116917011
"ж",61,"женат","высшее",43.6287467979664
"ж",21,"вдовец",NA,NA
"ж",47,"разведен","высшее",NA
"ж",29,"женат","среднее",45.6724209298872
"ж",65,"женат",NA,37.0067691756469
"м",35,"разведен",NA,42
"ж",20,"вдовец","среднее",28.4727869728336
"ж",35,"женат","ср. спец.",39.7374566209727
"ж",35,"разведен","высшее",32
"м",68,"женат","высшее",42.2631849472543
"ж",26,"женат","среднее",NA
"м",54,"женат","среднее",41.7273206880226
"ж",36,"разведен","среднее",NA
"ж",39,"холост",NA,34.4205450834687
"ж",76,"разведен","ср. спец.",NA
"м",78,"женат","высшее",44.5804337598266
NA,47,"женат","ср. спец.",42.2593716884317
NA,63,"женат","среднее",38.5728742568264
"ж",75,"женат","среднее",39.2615990522498
"м",78,"разведен","среднее",40.3759484574581
"ж",NA,"женат","среднее",51.4428677167273
"м",55,"женат","ср. спец.",46.3323893822735
"м",46,"женат","высшее",53.2638927820441
NA,50,"разведен","среднее",39.9262906102746
"м",31,"женат","среднее",43.8882787962007
"м",NA,"женат",NA,35.6740997007707
"ж",27,"женат",NA,NA
"м",39,"женат",NA,44.4756318336888
"м",72,"вдовец",NA,30.4730502496225
"ж",40,"женат","высшее",NA
"ж",21,"женат","среднее",50.7164765566179
"ж",60,"женат","среднее",45
"м",33,"женат",NA,40.5437443101698
"ж",56,"вдовец",NA,42.2172516628403
"ж",33,"женат","ср. спец.",40.7259640904071
"ж",64,"вдовец",NA,NA
"м",32,"разведен",NA,20
"ж",69,"женат","высшее",46.1231546960915
"ж",57,"холост","ср. спец.",46.7468102698138
"ж",30,"разведен",NA,NA
"ж",NA,"вдовец","среднее",30
"ж",32,"женат","высшее",59.1199074235717
"м",45,"разведен","среднее",40.9647021612214
"ж",25,"разведен","среднее",42.1337168305416
"ж",50,"женат",NA,45.0398555312833
"ж",41,"разведен","высшее",39.7847733778238
"м",27,"женат","высшее",39
"ж",67,"женат","ср. спец.",NA
"м",44,"холост","ср. спец.",30.5356336140417
"ж",38,"женат","ср. спец.",20.7051430954114
NA,45,"женат",NA,35.2092609064094
"ж",70,"женат","среднее",NA
